snapshot_id,recorded_at,app_version,date,course,race_no,race_name,surface,distance,going,horse_no,horse_name,mark,rank,win_prob,top3_prob,base_ai_index,day_adjustment,ai_index,odds,popularity,body_weight,body_weight_diff,snapshot_type,post_time,minutes_before_post,auto_generated,bet_style,bet_budget,bet_plan_json,bet_stake,bet_payout,bet_profit,bet_roi,bet_hit_count,bet_ticket_count,bet_refund_count,bet_status,bet_ticket_results_json,bet_settled_at,actual_finish,actual_win,actual_top3,settled_at,result_url
2026-10-04|京都|1R|92529956c88e1fa0,2026-10-04T09:34:04+09:00,1.12,2026-10-04,京都,1R,2歳未勝利,ダート,1800,良,1,マーズエクレール,△,5,0.1223569908667648,0.1726894802248327,68.33684496549903,0.0,68.33684496549903,,,506.0,-14.0,course_batch,,,False,,,,,,,,,,,,,,1.0,1.0,1.0,2026-10-04T10:03:03+09:00,https://race.netkeiba.com/race/result.html?race_id=202608040201
2026-10-04|京都|1R|92529956c88e1fa0,2026-10-04T09:34:04+09:00,1.12,2026-10-04,京都,1R,2歳未勝利,ダート,1800,良,2,ベンゲル,☆,6,0.1220807674500528,0.1757966020643687,68.27485120552029,0.0,68.27485120552029,,,470.0,4.0,course_batch,,,False,,,,,,,,,,,,,,7.0,0.0,0.0,2026-10-04T10:03:03+09:00,https://race.netkeiba.com/race/result.html?race_id=202608040201
2026-10-04|京都|1R|92529956c88e1fa0,2026-10-04T09:34:04+09:00,1.12,2026-10-04,京都,1R,2歳未勝利,ダート,1800,良,3,プリメラエストレラ,☆,7,0.1220807674500528,0.1715826613265458,68.16950268707473,0.0,68.16950268707473,,,498.0,-2.0,course_batch,,,False,,,,,,,,,,,,,,3.0,0.0,1.0,2026-10-04T10:03:03+09:00,https://race.netkeiba.com/race/result.html?race_id=202608040201
2026-10-04|京都|1R|92529956c88e1fa0,2026-10-04T09:34:04+09:00,1.12,2026-10-04,京都,1R,2歳未勝利,ダート,1800,良,4,マーノマエストロ,注,8,0.1220807674500528,0.168055550184251,68.08132490851735,0.0,68.08132490851735,,,532.0,0.0,course_batch,,,False,,,,,,,,,,,,,,4.0,0.0,0.0,2026-10-04T10:03:03+09:00,https://race.netkeiba.com/race/result.html?race_id=202608040201
2026-10-04|京都|1R|92529956c88e1fa0,2026-10-04T09:34:04+09:00,1.12,2026-10-04,京都,1R,2歳未勝利,ダート,1800,良,5,ロードフェルム,△,4,0.1257569049730079,0.1705478792647759,70.0024645587548,0.0,70.0024645587548,,,470.0,8.0,course_batch,,,False,,,,,,,,,,,,,,6.0,0.0,0.0,2026-10-04T10:03:03+09:00,https://race.netkeiba.com/race/result.html?race_id=202608040201
2026-10-04|京都|1R|92529956c88e1fa0,2026-10-04T09:34:04+09:00,1.12,2026-10-04,京都,1R,2歳未勝利,ダート,1800,良,6,タガノフリアン,◎,1,0.1285479339366895,0.1774982133326623,71.58750100013832,0.0,71.58750100013832,,,448.0,6.0,course_batch,,,False,,,,,,,,,,,,,,8.0,0.0,0.0,2026-10-04T10:03:03+09:00,https://race.netkeiba.com/race/result.html?race_id=202608040201
2026-10-04|京都|1R|92529956c88e1fa0,2026-10-04T09:34:04+09:00,1.12,2026-10-04,京都,1R,2歳未勝利,ダート,1800,良,7,ボードゥロレーヌ,▲,3,0.1285479339366895,0.1670028536892472,71.32511700905295,0.0,71.32511700905295,,,472.0,14.0,course_batch,,,False,,,,,,,,,,,,,,5.0,0.0,0.0,2026-10-04T10:03:03+09:00,https://race.netkeiba.com/race/result.html?race_id=202608040201
2026-10-04|京都|1R|92529956c88e1fa0,2026-10-04T09:34:04+09:00,1.12,2026-10-04,京都,1R,2歳未勝利,ダート,1800,良,8,ジュンヴァグネル,○,2,0.1285479339366895,0.1758535594966422,71.54638465423783,0.0,71.54638465423783,,,490.0,4.0,course_batch,,,False,,,,,,,,,,,,,,2.0,0.0,1.0,2026-10-04T10:03:03+09:00,https://race.netkeiba.com/race/result.html?race_id=202608040201
2026-10-04|京都|2R|517255f6a2769012,2026-10-04T09:34:04+09:00,1.12,2026-10-04,京都,2R,2歳未勝利,芝,1600,良,1,レインボースター,注,9,0.1008036738825072,0.1510285153261167,62.70748006690955,0.0,62.70748006690955,,,406.0,14.0,course_batch,,,False,,,,,,,,,,,,,,,,,,
2026-10-04|京都|2R|517255f6a2769012,2026-10-04T09:34:04+09:00,1.12,2026-10-04,京都,2R,2歳未勝利,芝,1600,良,2,アイルエクラ,☆,7,0.1108173930475874,0.1709301001574949,68.84564954849758,0.0,68.84564954849758,,,458.0,6.0,course_batch,,,False,,,,,,,,,,,,,,,,,,
2026-10-04|京都|2R|517255f6a2769012,2026-10-04T09:34:04+09:00,1.12,2026-10-04,京都,2R,2歳未勝利,芝,1600,良,3,ブロッサムスピア,◎,1,0.1153934510493627,0.1694935426339238,71.38738423266986,0.0,71.38738423266986,,,484.0,-12.0,course_batch,,,False,,,,,,,,,,,,,,,,,,
2026-10-04|京都|2R|517255f6a2769012,2026-10-04T09:34:04+09:00,1.12,2026-10-04,京都,2R,2歳未勝利,芝,1600,良,4,キシゲヒーロー,☆,6,0.1108173930475874,0.1719905716760253,68.87216133646083,0.0,68.87216133646083,,,480.0,-6.0,course_batch,,,False,,,,,,,,,,,,,,,,,,
2026-10-04|京都|2R|517255f6a2769012,2026-10-04T09:34:04+09:00,1.12,2026-10-04,京都,2R,2歳未勝利,芝,1600,良,5,テムスピード,注,8,0.1108173930475874,0.1598901785403227,68.56965150806828,0.0,68.56965150806828,,,448.0,-2.0,course_batch,,,False,,,,,,,,,,,,,,,,,,
2026-10-04|京都|2R|517255f6a2769012,2026-10-04T09:34:04+09:00,1.12,2026-10-04,京都,2R,2歳未勝利,芝,1600,良,6,ジョン,○,2,0.1132580056267585,0.1724352049265582,70.25805031302387,0.0,70.25805031302387,,,464.0,4.0,course_batch,,,False,,,,,,,,,,,,,,,,,,
2026-10-04|京都|2R|517255f6a2769012,2026-10-04T09:34:04+09:00,1.12,2026-10-04,京都,2R,2歳未勝利,芝,1600,良,7,ジャンゴッド,▲,3,0.1132580056267585,0.163880795052117,70.04419006616286,0.0,70.04419006616286,,,494.0,18.0,course_batch,,,False,,,,,,,,,,,,,,,,,,
2026-10-04|京都|2R|517255f6a2769012,2026-10-04T09:34:04+09:00,1.12,2026-10-04,京都,2R,2歳未勝利,芝,1600,良,8,レイクイーン,△,5,0.1115766790450922,0.1738264582166359,69.34575686057634,0.0,69.34575686057634,,,420.0,-10.0,course_batch,,,False,,,,,,,,,,,,,,,,,,
2026-10-04|京都|2R|517255f6a2769012,2026-10-04T09:34:04+09:00,1.12,2026-10-04,京都,2R,2歳未勝利,芝,1600,良,9,ラッキーハナコ,△,4,0.1132580056267585,0.1605038487970783,69.95976640978687,0.0,69.95976640978687,,,484.0,12.0,course_batch,,,False,,,,,,,,,,,,,,,,,,
2026-10-04|京都|3R|9ac6e876f8087cd2,2026-10-04T09:34:04+09:00,1.12,2026-10-04,京都,3R,2歳新馬,ダート,1400,良,1,ミホマル,×,15,0.0479453574382102,0.1487877093910866,20.23554540020495,0.0,20.23554540020495,,,,,course_batch,,,False,,,,,,,,,,,,,,,,,,
2026-10-04|京都|3R|9ac6e876f8087cd2,2026-10-04T09:34:04+09:00,1.12,2026-10-04,京都,3R,2歳新馬,ダート,1400,良,2,ダイヴ,注,10,0.0498332853813808,0.1487877093910866,20.80122286947436,0.0,20.80122286947436,,,,,course_batch,,,False,,,,,,,,,,,,,,,,,,
2026-10-04|京都|3R|9ac6e876f8087cd2,2026-10-04T09:34:04+09:00,1.12,2026-10-04,京都,3R,2歳新馬,ダート,1400,良,3,リアルハーン,×,11,0.0498332853813808,0.1487877093910866,20.80122286947436,0.0,20.80122286947436,,,,,course_batch,,,False,,,,,,,,,,,,,,,,,,
2026-10-04|京都|3R|9ac6e876f8087cd2,2026-10-04T09:34:04+09:00,1.12,2026-10-04,京都,3R,2歳新馬,ダート,1400,良,4,マカロンボイス,×,12,0.0498332853813808,0.1431289310842259,20.659753411802846,0.0,20.659753411802846,,,,,course_batch,,,False,,,,,,,,,,,,,,,,,,
2026-10-04|京都|3R|9ac6e876f8087cd2,2026-10-04T09:34:04+09:00,1.12,2026-10-04,京都,3R,2歳新馬,ダート,1400,良,5,インユアスカイ,注,9,0.0498332853813808,0.1502043385390589,20.836638598173668,0.0,20.836638598173668,,,,,course_batch,,,False,,,,,,,,,,,,,,,,,,
2026-10-04|京都|3R|9ac6e876f8087cd2,2026-10-04T09:34:04+09:00,1.12,2026-10-04,京都,3R,2歳新馬,ダート,1400,良,6,スリーオブスペイズ,注,8,0.0498332853813808,0.150792536169233,20.85134353892802,0.0,20.85134353892802,,,,,course_batch,,,False,,,,,,,,,,,,,,,,,,
2026-10-04|京都|3R|9ac6e876f8087cd2,2026-10-04T09:34:04+09:00,1.12,2026-10-04,京都,3R,2歳新馬,ダート,1400,良,7,オージーブラック,×,13,0.0491718189308178,0.1440275806076109,20.484025291297325,0.0,20.484025291297325,,,,,course_batch,,,False,,,,,,,,,,,,,,,,,,
2026-10-04|京都|3R|9ac6e876f8087cd2,2026-10-04T09:34:04+09:00,1.12,2026-10-04,京都,3R,2歳新馬,ダート,1400,良,8,マンノエンプレス,×,14,0.0491718189308178,0.1440275806076109,20.484025291297325,0.0,20.484025291297325,,,,,course_batch,,,False,,,,,,,,,,,,,,,,,,
2026-10-04|京都|3R|9ac6e876f8087cd2,2026-10-04T09:34:04+09:00,1.12,2026-10-04,京都,3R,2歳新馬,ダート,1400,良,9,アップルペアー,×,16,0.0478306345179828,0.1243881700011396,19.591182631513828,0.0,19.59118263151383,,,,,course_batch,,,False,,,,,,,,,,,,,,,,,,
2026-10-04|京都|3R|9ac6e876f8087cd2,2026-10-04T09:34:04+09:00,1.12,2026-10-04,京都,3R,2歳新馬,ダート,1400,良,10,ランスオブナイト,☆,7,0.0556251509181012,0.1531384718002222,22.64540129795354,0.0,22.64540129795354,,,,,course_batch,,,False,,,,,,,,,,,,,,,,,,
2026-10-04|京都|3R|9ac6e876f8087cd2,2026-10-04T09:34:04+09:00,1.12,2026-10-04,京都,3R,2歳新馬,ダート,1400,良,11,エリーマイラヴ,△,4,0.0568307321277538,0.1452589934389677,22.80964111674599,0.0,22.80964111674599,,,,,course_batch,,,False,,,,,,,,,,,,,,,,,,
2026-10-04|京都|3R|9ac6e876f8087cd2,2026-10-04T09:34:04+09:00,1.12,2026-10-04,京都,3R,2歳新馬,ダート,1400,良,12,フェイマスウルフ,○,2,0.0568307321277538,0.1531384718002222,23.006628075777357,0.0,23.006628075777357,,,,,course_batch,,,False,,,,,,,,,,,,,,,,,,
2026-10-04|京都|3R|9ac6e876f8087cd2,2026-10-04T09:34:04+09:00,1.12,2026-10-04,京都,3R,2歳新馬,ダート,1400,良,13,アマリス,△,5,0.0568307321277538,0.1452589934389677,22.80964111674599,0.0,22.80964111674599,,,,,course_batch,,,False,,,,,,,,,,,,,,,,,,
2026-10-04|京都|3R|9ac6e876f8087cd2,2026-10-04T09:34:04+09:00,1.12,2026-10-04,京都,3R,2歳新馬,ダート,1400,良,14,タガノゲイル,▲,3,0.0568307321277538,0.1516196713545185,22.968658064634763,0.0,22.968658064634763,,,,,course_batch,,,False,,,,,,,,,,,,,,,,,,
2026-10-04|京都|3R|9ac6e876f8087cd2,2026-10-04T09:34:04+09:00,1.12,2026-10-04,京都,3R,2歳新馬,ダート,1400,良,15,ラムネ,☆,6,0.0568307321277538,0.144443552504845,22.789255093392924,0.0,22.789255093392924,,,,,course_batch,,,False,,,,,,,,,,,,,,,,,,
2026-10-04|京都|3R|9ac6e876f8087cd2,2026-10-04T09:34:04+09:00,1.12,2026-10-04,京都,3R,2歳新馬,ダート,1400,良,16,ギニー,◎,1,0.2169351317183968,0.2169351317183968,70.42337829295992,0.0,70.42337829295992,,,,,course_batch,,,False,,,,,,,,,,,,,,,,,,
2026-10-04|京都|4R|0733c0ca2a45f9a4,2026-10-04T09:34:04+09:00,1.12,2026-10-04,京都,4R,2歳新馬,芝,1400,良,1,ワンダープレマ,×,16,0.0577846960258347,0.1428899739986996,62.257627440948895,0.0,62.257627440948895,,,,,course_batch,,,False,,,,,,,,,,,,,,,,,,
2026-10-04|京都|4R|0733c0ca2a45f9a4,2026-10-04T09:34:04+09:00,1.12,2026-10-04,京都,4R,2歳新馬,芝,1400,良,2,バードギール,×,14,0.0600341346889074,0.1428899739986996,64.45843096386984,0.0,64.45843096386984,,,,,course_batch,,,False,,,,,,,,,,,,,,,,,,
2026-10-04|京都|4R|0733c0ca2a45f9a4,2026-10-04T09:34:04+09:00,1.12,2026-10-04,京都,4R,2歳新馬,芝,1400,良,3,スイートリディア,×,15,0.0600341346889074,0.1366613096889264,64.30271435612552,0.0,64.30271435612552,,,,,course_batch,,,False,,,,,,,,,,,,,,,,,,
2026-10-04|京都|4R|0733c0ca2a45f9a4,2026-10-04T09:34:04+09:00,1.12,2026-10-04,京都,4R,2歳新馬,芝,1400,良,4,ルシオラ,×,13,0.0600341346889074,0.1442599665725572,64.49268077821628,0.0,64.49268077821628,,,,,course_batch,,,False,,,,,,,,,,,,,,,,,,
2026-10-04|京都|4R|0733c0ca2a45f9a4,2026-10-04T09:34:04+09:00,1.12,2026-10-04,京都,4R,2歳新馬,芝,1400,良,5,ブライトスクリプト,注,9,0.0600341346889074,0.1458393684264827,64.53216582456443,0.0,64.53216582456443,,,,,course_batch,,,False,,,,,,,,,,,,,,,,,,
2026-10-04|京都|4R|0733c0ca2a45f9a4,2026-10-04T09:34:04+09:00,1.12,2026-10-04,京都,4R,2歳新馬,芝,1400,良,6,テイケイモエ,注,8,0.0600341346889074,0.1467521211579495,64.5549846428511,0.0,64.5549846428511,,,,,course_batch,,,False,,,,,,,,,,,,,,,,,,
2026-10-04|京都|4R|0733c0ca2a45f9a4,2026-10-04T09:34:04+09:00,1.12,2026-10-04,京都,4R,2歳新馬,芝,1400,良,7,リリックラヴ,注,10,0.0600341346889074,0.1451645143657951,64.51529447304723,0.0,64.51529447304723,,,,,course_batch,,,False,,,,,,,,,,,,,,,,,,
2026-10-04|京都|4R|0733c0ca2a45f9a4,2026-10-04T09:34:04+09:00,1.12,2026-10-04,京都,4R,2歳新馬,芝,1400,良,8,ワンダールカ,×,11,0.0600341346889074,0.1451645143657951,64.51529447304723,0.0,64.51529447304723,,,,,course_batch,,,False,,,,,,,,,,,,,,,,,,
2026-10-04|京都|4R|0733c0ca2a45f9a4,2026-10-04T09:34:04+09:00,1.12,2026-10-04,京都,4R,2歳新馬,芝,1400,良,9,イグナイトフィール,×,12,0.0600341346889074,0.1451645143657951,64.51529447304723,0.0,64.51529447304723,,,,,course_batch,,,False,,,,,,,,,,,,,,,,,,
2026-10-04|京都|4R|0733c0ca2a45f9a4,2026-10-04T09:34:04+09:00,1.12,2026-10-04,京都,4R,2歳新馬,芝,1400,良,10,シュネルマリス,☆,7,0.0650363434003059,0.1469838514017289,69.45483379615936,0.0,69.45483379615936,,,,,course_batch,,,False,,,,,,,,,,,,,,,,,,
2026-10-04|京都|4R|0733c0ca2a45f9a4,2026-10-04T09:34:04+09:00,1.12,2026-10-04,京都,4R,2歳新馬,芝,1400,良,11,ルージュプリメーロ,◎,1,0.0664364226869598,0.1469838514017289,70.82464195186499,0.0,70.82464195186499,,,,,course_batch,,,False,,,,,,,,,,,,,,,,,,
2026-10-04|京都|4R|0733c0ca2a45f9a4,2026-10-04T09:34:04+09:00,1.12,2026-10-04,京都,4R,2歳新馬,芝,1400,良,12,サウンドアミューズ,△,4,0.0664364226869598,0.1273461029208102,70.33369823984202,0.0,70.33369823984202,,,,,course_batch,,,False,,,,,,,,,,,,,,,,,,
2026-10-04|京都|4R|0733c0ca2a45f9a4,2026-10-04T09:34:04+09:00,1.12,2026-10-04,京都,4R,2歳新馬,芝,1400,良,13,ルーディン,○,2,0.0664364226869598,0.1469838514017289,70.82464195186499,0.0,70.82464195186499,,,,,course_batch,,,False,,,,,,,,,,,,,,,,,,
2026-10-04|京都|4R|0733c0ca2a45f9a4,2026-10-04T09:34:04+09:00,1.12,2026-10-04,京都,4R,2歳新馬,芝,1400,良,14,ジャヤ,▲,3,0.0664364226869598,0.1469838514017289,70.82464195186499,0.0,70.82464195186499,,,,,course_batch,,,False,,,,,,,,,,,,,,,,,,
2026-10-04|京都|4R|0733c0ca2a45f9a4,2026-10-04T09:34:04+09:00,1.12,2026-10-04,京都,4R,2歳新馬,芝,1400,良,15,アマスペラーレ,△,5,0.0655800961573803,0.1436867773027046,69.90440321591488,0.0,69.90440321591488,,,,,course_batch,,,False,,,,,,,,,,,,,,,,,,
2026-10-04|京都|4R|0733c0ca2a45f9a4,2026-10-04T09:34:04+09:00,1.12,2026-10-04,京都,4R,2歳新馬,芝,1400,良,16,ヘヴンインザレイン,☆,6,0.0655800961573803,0.1436867773027046,69.90440321591488,0.0,69.90440321591488,,,,,course_batch,,,False,,,,,,,,,,,,,,,,,,
2026-10-04|京都|5R|5e72bdefebefeeee,2026-10-04T09:34:05+09:00,1.12,2026-10-04,京都,5R,2歳新馬,芝,2000,良,1,クラウンソクラテス,×,12,0.0781076401838673,0.1718759911111359,62.95939441387565,0.0,62.95939441387565,,,,,course_batch,,,False,,,,,,,,,,,,,,,,,,
2026-10-04|京都|5R|5e72bdefebefeeee,2026-10-04T09:34:05+09:00,1.12,2026-10-04,京都,5R,2歳新馬,芝,2000,良,2,アンバーライト,注,10,0.0811569816902786,0.1714909564397149,65.15602847077113,0.0,65.15602847077113,,,,,course_batch,,,False,,,,,,,,,,,,,,,,,,
2026-10-04|京都|5R|5e72bdefebefeeee,2026-10-04T09:34:05+09:00,1.12,2026-10-04,京都,5R,2歳新馬,芝,2000,良,3,ジュンキング,注,9,0.0811569816902786,0.1718759911111359,65.16565433755666,0.0,65.16565433755666,,,,,course_batch,,,False,,,,,,,,,,,,,,,,,,
2026-10-04|京都|5R|5e72bdefebefeeee,2026-10-04T09:34:05+09:00,1.12,2026-10-04,京都,5R,2歳新馬,芝,2000,良,4,オミゴト,×,11,0.0789440125616426,0.1734676488254944,63.604318097410086,0.0,63.604318097410086,,,,,course_batch,,,False,,,,,,,,,,,,,,,,,,
2026-10-04|京都|5R|5e72bdefebefeeee,2026-10-04T09:34:05+09:00,1.12,2026-10-04,京都,5R,2歳新馬,芝,2000,良,5,アスクハイタッチ,☆,7,0.0811569816902786,0.1735982716057668,65.20871134992244,0.0,65.20871134992244,,,,,course_batch,,,False,,,,,,,,,,,,,,,,,,
2026-10-04|京都|5R|5e72bdefebefeeee,2026-10-04T09:34:05+09:00,1.12,2026-10-04,京都,5R,2歳新馬,芝,2000,良,6,ジーティーギャング,注,8,0.0811569816902786,0.1735982716057668,65.20871134992244,0.0,65.20871134992244,,,,,course_batch,,,False,,,,,,,,,,,,,,,,,,
2026-10-04|京都|5R|5e72bdefebefeeee,2026-10-04T09:34:05+09:00,1.12,2026-10-04,京都,5R,2歳新馬,芝,2000,良,7,シュテルンライト,△,4,0.0829349210274924,0.1735982716057668,66.49508622731267,0.0,66.49508622731267,,,,,course_batch,,,False,,,,,,,,,,,,,,,,,,
2026-10-04|京都|5R|5e72bdefebefeeee,2026-10-04T09:34:05+09:00,1.12,2026-10-04,京都,5R,2歳新馬,芝,2000,良,8,トロカアニマダ,△,5,0.0829349210274924,0.1735982716057668,66.49508622731267,0.0,66.49508622731267,,,,,course_batch,,,False,,,,,,,,,,,,,,,,,,
2026-10-04|京都|5R|5e72bdefebefeeee,2026-10-04T09:34:05+09:00,1.12,2026-10-04,京都,5R,2歳新馬,芝,2000,良,9,ピュティアス,☆,6,0.0829349210274924,0.1735982716057668,66.49508622731267,0.0,66.49508622731267,,,,,course_batch,,,False,,,,,,,,,,,,,,,,,,
2026-10-04|京都|5R|5e72bdefebefeeee,2026-10-04T09:34:05+09:00,1.12,2026-10-04,京都,5R,2歳新馬,芝,2000,良,10,ザキノシュガー,◎,1,0.0898385524702994,0.1757007220028125,71.54256371689208,0.0,71.54256371689208,,,,,course_batch,,,False,,,,,,,,,,,,,,,,,,
2026-10-04|京都|5R|5e72bdefebefeeee,2026-10-04T09:34:05+09:00,1.12,2026-10-04,京都,5R,2歳新馬,芝,2000,良,11,ジワールドコア,○,2,0.0898385524702994,0.1714181214152611,71.43549870220329,0.0,71.43549870220329,,,,,course_batch,,,False,,,,,,,,,,,,,,,,,,
2026-10-04|京都|5R|5e72bdefebefeeee,2026-10-04T09:34:05+09:00,1.12,2026-10-04,京都,5R,2歳新馬,芝,2000,良,12,タナオルフォーリア,▲,3,0.0898385524702994,0.1714181214152611,71.43549870220329,0.0,71.43549870220329,,,,,course_batch,,,False,,,,,,,,,,,,,,,,,,
2026-10-04|京都|6R|7ea28a38eebace51,2026-10-04T09:34:05+09:00,1.12,2026-10-04,京都,6R,3歳以上1勝クラス,ダート,1800,良,1,タイセイリアル,×,15,0.0325422465761597,0.1112319801583035,17.46167453799807,0.0,17.46167453799807,,,,,course_batch,,,False,,,,,,,,,,,,,,,,,,
2026-10-04|京都|6R|7ea28a38eebace51,2026-10-04T09:34:05+09:00,1.12,2026-10-04,京都,6R,3歳以上1勝クラス,ダート,1800,良,2,エアアルチーナ,注,8,0.054451071700107,0.1417801052182191,21.89300034221042,0.0,21.89300034221042,,,,,course_batch,,,False,,,,,,,,,,,,,,,,,,
2026-10-04|京都|6R|7ea28a38eebace51,2026-10-04T09:34:05+09:00,1.12,2026-10-04,京都,6R,3歳以上1勝クラス,ダート,1800,良,3,メイショウソウテン,☆,7,0.058291127767464,0.1328285317337084,20.661529705308443,0.0,20.661529705308443,,,,,course_batch,,,False,,,,,,,,,,,,,,,,,,
2026-10-04|京都|6R|7ea28a38eebace51,2026-10-04T09:34:05+09:00,1.12,2026-10-04,京都,6R,3歳以上1勝クラス,ダート,1800,良,4,ブームバップビート,△,4,0.0656776484925769,0.1164079657559637,29.11507151183011,0.0,29.11507151183011,,,,,course_batch,,,False,,,,,,,,,,,,,,,,,,
2026-10-04|京都|6R|7ea28a38eebace51,2026-10-04T09:34:05+09:00,1.12,2026-10-04,京都,6R,3歳以上1勝クラス,ダート,1800,良,5,エチゴドラゴン,◎,1,0.2184974002879519,0.2184974002879519,80.46243500719879,0.0,80.46243500719879,,,,,course_batch,,,False,,,,,,,,,,,,,,,,,,
2026-10-04|京都|6R|7ea28a38eebace51,2026-10-04T09:34:05+09:00,1.12,2026-10-04,京都,6R,3歳以上1勝クラス,ダート,1800,良,6,ビナハイバン,×,13,0.0372667084267111,0.0773724893197313,13.020650306324558,0.0,13.020650306324558,,,,,course_batch,,,False,,,,,,,,,,,,,,,,,,
2026-10-04|京都|6R|7ea28a38eebace51,2026-10-04T09:34:05+09:00,1.12,2026-10-04,京都,6R,3歳以上1勝クラス,ダート,1800,良,7,メイショウカスガイ,▲,3,0.0696797935451444,0.1478897878036172,26.926034028352497,0.0,26.926034028352497,,,,,course_batch,,,False,,,,,,,,,,,,,,,,,,
2026-10-04|京都|6R|7ea28a38eebace51,2026-10-04T09:34:05+09:00,1.12,2026-10-04,京都,6R,3歳以上1勝クラス,ダート,1800,良,8,テスタヴェローチェ,×,11,0.0422084362392698,0.0992980595940507,15.03888626636071,0.0,15.03888626636071,,,,,course_batch,,,False,,,,,,,,,,,,,,,,,,
2026-10-04|京都|6R|7ea28a38eebace51,2026-10-04T09:34:05+09:00,1.12,2026-10-04,京都,6R,3歳以上1勝クラス,ダート,1800,良,9,インディゴ,×,12,0.0400142855820529,0.1023163824199796,18.461614407356937,0.0,18.461614407356937,,,,,course_batch,,,False,,,,,,,,,,,,,,,,,,
2026-10-04|京都|6R|7ea28a38eebace51,2026-10-04T09:34:05+09:00,1.12,2026-10-04,京都,6R,3歳以上1勝クラス,ダート,1800,良,10,テイエムスターラン,☆,6,0.0614695323292303,0.1501049754705087,24.189018523334628,0.0,24.189018523334628,,,,,course_batch,,,False,,,,,,,,,,,,,,,,,,
2026-10-04|京都|6R|7ea28a38eebace51,2026-10-04T09:34:05+09:00,1.12,2026-10-04,京都,6R,3歳以上1勝クラス,ダート,1800,良,11,ビゾー,注,10,0.0506351012072678,0.1117640625540019,22.85735437205243,0.0,22.85735437205243,,,,,course_batch,,,False,,,,,,,,,,,,,,,,,,
2026-10-04|京都|6R|7ea28a38eebace51,2026-10-04T09:34:05+09:00,1.12,2026-10-04,京都,6R,3歳以上1勝クラス,ダート,1800,良,12,マーゴットバディ,×,14,0.0350686500022243,0.0759311734707975,12.330724972921864,0.0,12.330724972921864,,,,,course_batch,,,False,,,,,,,,,,,,,,,,,,
2026-10-04|京都|6R|7ea28a38eebace51,2026-10-04T09:34:05+09:00,1.12,2026-10-04,京都,6R,3歳以上1勝クラス,ダート,1800,良,13,ホウオウストライク,○,2,0.085536685596156,0.1381514242633839,33.89978430690285,0.0,33.89978430690285,,,,,course_batch,,,False,,,,,,,,,,,,,,,,,,
2026-10-04|京都|6R|7ea28a38eebace51,2026-10-04T09:34:05+09:00,1.12,2026-10-04,京都,6R,3歳以上1勝クラス,ダート,1800,良,14,ゴンタ,△,5,0.062799890460892,0.1478409201102187,24.528180560054807,0.0,24.528180560054807,,,,,course_batch,,,False,,,,,,,,,,,,,,,,,,
2026-10-04|京都|6R|7ea28a38eebace51,2026-10-04T09:34:05+09:00,1.12,2026-10-04,京都,6R,3歳以上1勝クラス,ダート,1800,良,15,サントルドパリ,×,16,0.032526070170768,0.0770600419950944,19.10256382368465,0.0,19.10256382368465,,,,,course_batch,,,False,,,,,,,,,,,,,,,,,,
2026-10-04|京都|6R|7ea28a38eebace51,2026-10-04T09:34:05+09:00,1.12,2026-10-04,京都,6R,3歳以上1勝クラス,ダート,1800,良,16,シャインベック,注,9,0.0533353516160231,0.1091962952145837,20.59644789971495,0.0,20.59644789971495,,,,,course_batch,,,False,,,,,,,,,,,,,,,,,,
2026-10-04|京都|7R|589b8ee6c58645fd,2026-10-04T09:34:05+09:00,1.12,2026-10-04,京都,7R,3歳以上1勝クラス,芝,1200,良,1,ニシノトリビュート,▲,3,0.0902498617083107,0.1888634970162944,41.44265246379229,0.0,41.44265246379229,,,,,course_batch,,,False,,,,,,,,,,,,,,,,,,
2026-10-04|京都|7R|589b8ee6c58645fd,2026-10-04T09:34:05+09:00,1.12,2026-10-04,京都,7R,3歳以上1勝クラス,芝,1200,良,2,グロリアスマーチ,×,16,0.0312201408861306,0.1150821787567492,23.5799750306416,0.0,23.5799750306416,,,,,course_batch,,,False,,,,,,,,,,,,,,,,,,
2026-10-04|京都|7R|589b8ee6c58645fd,2026-10-04T09:34:05+09:00,1.12,2026-10-04,京都,7R,3歳以上1勝クラス,芝,1200,良,3,ミトノリン,×,18,0.027100047293858,0.0870898747539168,13.203774559686831,0.0,13.203774559686831,,,,,course_batch,,,False,,,,,,,,,,,,,,,,,,
2026-10-04|京都|7R|589b8ee6c58645fd,2026-10-04T09:34:05+09:00,1.12,2026-10-04,京都,7R,3歳以上1勝クラス,芝,1200,良,4,マウンテンバローズ,×,12,0.0377601110895266,0.1474543701564122,21.20032314651992,0.0,21.20032314651992,,,,,course_batch,,,False,,,,,,,,,,,,,,,,,,
2026-10-04|京都|7R|589b8ee6c58645fd,2026-10-04T09:34:05+09:00,1.12,2026-10-04,京都,7R,3歳以上1勝クラス,芝,1200,良,5,ダイイズキャスト,×,13,0.0377601110895266,0.1454479497856944,21.15016263725197,0.0,21.15016263725197,,,,,course_batch,,,False,,,,,,,,,,,,,,,,,,
2026-10-04|京都|7R|589b8ee6c58645fd,2026-10-04T09:34:05+09:00,1.12,2026-10-04,京都,7R,3歳以上1勝クラス,芝,1200,良,6,ブルズアイプリンス,×,11,0.0377601110895266,0.1499920368275593,21.263764813298597,0.0,21.263764813298597,,,,,course_batch,,,False,,,,,,,,,,,,,,,,,,
2026-10-04|京都|7R|589b8ee6c58645fd,2026-10-04T09:34:05+09:00,1.12,2026-10-04,京都,7R,3歳以上1勝クラス,芝,1200,良,7,リアルアルバ,☆,7,0.0567844937706693,0.1258439281230925,30.25069968893751,0.0,30.25069968893751,,,,,course_batch,,,False,,,,,,,,,,,,,,,,,,
2026-10-04|京都|7R|589b8ee6c58645fd,2026-10-04T09:34:05+09:00,1.12,2026-10-04,京都,7R,3歳以上1勝クラス,芝,1200,良,8,ペルフェツィオーネ,注,8,0.0513335816634297,0.1427124438424992,24.454533305216465,0.0,24.454533305216465,,,,,course_batch,,,False,,,,,,,,,,,,,,,,,,
2026-10-04|京都|7R|589b8ee6c58645fd,2026-10-04T09:34:05+09:00,1.12,2026-10-04,京都,7R,3歳以上1勝クラス,芝,1200,良,9,ベルサ,△,5,0.0616644080926752,0.1120437684363556,31.891246120982363,0.0,31.891246120982363,,,,,course_batch,,,False,,,,,,,,,,,,,,,,,,
2026-10-04|京都|7R|589b8ee6c58645fd,2026-10-04T09:34:05+09:00,1.12,2026-10-04,京都,7R,3歳以上1勝クラス,芝,1200,良,10,ラインピクシー,×,17,0.027988058734608,0.102683055016306,17.954920142009644,0.0,17.95492014200964,,,,,course_batch,,,False,,,,,,,,,,,,,,,,,,
2026-10-04|京都|7R|589b8ee6c58645fd,2026-10-04T09:34:05+09:00,1.12,2026-10-04,京都,7R,3歳以上1勝クラス,芝,1200,良,11,ホーリーステップ,注,10,0.0405036807245599,0.1318631969311136,21.92685354864928,0.0,21.92685354864928,,,,,course_batch,,,False,,,,,,,,,,,,,,,,,,
2026-10-04|京都|7R|589b8ee6c58645fd,2026-10-04T09:34:05+09:00,1.12,2026-10-04,京都,7R,3歳以上1勝クラス,芝,1200,良,12,アーリントンロウ,○,2,0.1114347148330195,0.1630947900223553,53.41817508212399,0.0,53.41817508212399,,,,,course_batch,,,False,,,,,,,,,,,,,,,,,,
2026-10-04|京都|7R|589b8ee6c58645fd,2026-10-04T09:34:05+09:00,1.12,2026-10-04,京都,7R,3歳以上1勝クラス,芝,1200,良,13,ラブアイミー,×,14,0.0352319702678715,0.0877707237071347,16.529530741815677,0.0,16.529530741815677,,,,,course_batch,,,False,,,,,,,,,,,,,,,,,,
2026-10-04|京都|7R|589b8ee6c58645fd,2026-10-04T09:34:05+09:00,1.12,2026-10-04,京都,7R,3歳以上1勝クラス,芝,1200,良,14,ムーンリットアイル,☆,6,0.05860543456753,0.1088283306008262,31.566218204000524,0.0,31.566218204000524,,,,,course_batch,,,False,,,,,,,,,,,,,,,,,,
2026-10-04|京都|7R|589b8ee6c58645fd,2026-10-04T09:34:05+09:00,1.12,2026-10-04,京都,7R,3歳以上1勝クラス,芝,1200,良,15,アルサック,◎,1,0.1597513853399445,0.2214259358646735,80.53564839661684,0.0,80.53564839661684,,,,,course_batch,,,False,,,,,,,,,,,,,,,,,,
2026-10-04|京都|7R|589b8ee6c58645fd,2026-10-04T09:34:05+09:00,1.12,2026-10-04,京都,7R,3歳以上1勝クラス,芝,1200,良,16,ブルーレース,×,15,0.0313337819683146,0.1131292606752095,17.57739061560381,0.0,17.57739061560381,,,,,course_batch,,,False,,,,,,,,,,,,,,,,,,
2026-10-04|京都|7R|589b8ee6c58645fd,2026-10-04T09:34:05+09:00,1.12,2026-10-04,京都,7R,3歳以上1勝クラス,芝,1200,良,17,ソリスディエス,注,9,0.0405315604292116,0.1463839581460123,22.3012163354374,0.0,22.3012163354374,,,,,course_batch,,,False,,,,,,,,,,,,,,,,,,
2026-10-04|京都|7R|589b8ee6c58645fd,2026-10-04T09:34:05+09:00,1.12,2026-10-04,京都,7R,3歳以上1勝クラス,芝,1200,良,18,グリフォン,△,4,0.0629865464512863,0.1217480385122958,32.67180747732353,0.0,32.67180747732353,,,,,course_batch,,,False,,,,,,,,,,,,,,,,,,
2026-10-04|京都|8R|22fd092d49f60406,2026-10-04T09:34:05+09:00,1.12,2026-10-04,京都,8R,3歳以上2勝クラス,ダート,1400,良,1,ライトオブヌカタ,○,2,0.1428881346715658,0.152095037239333,66.29325286963336,0.0,66.29325286963336,,,,,course_batch,,,False,,,,,,,,,,,,,,,,,,
2026-10-04|京都|8R|22fd092d49f60406,2026-10-04T09:34:05+09:00,1.12,2026-10-04,京都,8R,3歳以上2勝クラス,ダート,1400,良,2,アメリカンポリス,△,5,0.0651047513172604,0.1291886091051475,36.18392786268632,0.0,36.18392786268632,,,,,course_batch,,,False,,,,,,,,,,,,,,,,,,
2026-10-04|京都|8R|22fd092d49f60406,2026-10-04T09:34:05+09:00,1.12,2026-10-04,京都,8R,3歳以上2勝クラス,ダート,1400,良,3,ポッドドンナー,×,14,0.0374836141835006,0.1313736944010839,24.80304547447518,0.0,24.80304547447518,,,,,course_batch,,,False,,,,,,,,,,,,,,,,,,
2026-10-04|京都|8R|22fd092d49f60406,2026-10-04T09:34:05+09:00,1.12,2026-10-04,京都,8R,3歳以上2勝クラス,ダート,1400,良,4,サヨノジャンボリー,×,12,0.046166079291187,0.1072718749527007,21.79515331193177,0.0,21.79515331193177,,,,,course_batch,,,False,,,,,,,,,,,,,,,,,,
2026-10-04|京都|8R|22fd092d49f60406,2026-10-04T09:34:05+09:00,1.12,2026-10-04,京都,8R,3歳以上2勝クラス,ダート,1400,良,5,オセアエクスプレス,×,15,0.0272820606704035,0.085324305091233,17.42823508808782,0.0,17.42823508808782,,,,,course_batch,,,False,,,,,,,,,,,,,,,,,,
2026-10-04|京都|8R|22fd092d49f60406,2026-10-04T09:34:05+09:00,1.12,2026-10-04,京都,8R,3歳以上2勝クラス,ダート,1400,良,6,ジューンアゲイン,×,11,0.0472400217948074,0.0904230432367396,28.48522533071524,0.0,28.48522533071524,,,,,course_batch,,,False,,,,,,,,,,,,,,,,,,
2026-10-04|京都|8R|22fd092d49f60406,2026-10-04T09:34:05+09:00,1.12,2026-10-04,京都,8R,3歳以上2勝クラス,ダート,1400,良,7,エコロボルト,注,8,0.0567478833664924,0.0985352227758389,25.957741332653583,0.0,25.957741332653583,,,,,course_batch,,,False,,,,,,,,,,,,,,,,,,
2026-10-04|京都|8R|22fd092d49f60406,2026-10-04T09:34:05+09:00,1.12,2026-10-04,京都,8R,3歳以上2勝クラス,ダート,1400,良,8,メモリーグラス,注,9,0.0565735852580202,0.1181372770650605,28.37563100916817,0.0,28.37563100916817,,,,,course_batch,,,False,,,,,,,,,,,,,,,,,,
2026-10-04|京都|8R|22fd092d49f60406,2026-10-04T09:34:05+09:00,1.12,2026-10-04,京都,8R,3歳以上2勝クラス,ダート,1400,良,9,キタノライブリー,×,13,0.0395040632565716,0.1079055837878515,27.052834867273923,0.0,27.052834867273923,,,,,course_batch,,,False,,,,,,,,,,,,,,,,,,
2026-10-04|京都|8R|22fd092d49f60406,2026-10-04T09:34:05+09:00,1.12,2026-10-04,京都,8R,3歳以上2勝クラス,ダート,1400,良,10,ザックザク,△,4,0.0657805047162783,0.1546508391018378,35.10025429657766,0.0,35.10025429657766,,,,,course_batch,,,False,,,,,,,,,,,,,,,,,,
2026-10-04|京都|8R|22fd092d49f60406,2026-10-04T09:34:05+09:00,1.12,2026-10-04,京都,8R,3歳以上2勝クラス,ダート,1400,良,11,デアプリームス,☆,6,0.0636049524195999,0.1441387151597551,32.08678995764176,0.0,32.08678995764176,,,,,course_batch,,,False,,,,,,,,,,,,,,,,,,
2026-10-04|京都|8R|22fd092d49f60406,2026-10-04T09:34:05+09:00,1.12,2026-10-04,京都,8R,3歳以上2勝クラス,ダート,1400,良,12,モンシェリ,▲,3,0.0717343922626706,0.1140272683183933,38.549651801130885,0.0,38.549651801130885,,,,,course_batch,,,False,,,,,,,,,,,,,,,,,,
2026-10-04|京都|8R|22fd092d49f60406,2026-10-04T09:34:05+09:00,1.12,2026-10-04,京都,8R,3歳以上2勝クラス,ダート,1400,良,13,フェスティヴドレス,×,16,0.0133153323258021,0.0560339925917704,10.913570339094552,0.0,10.913570339094552,,,,,course_batch,,,False,,,,,,,,,,,,,,,,,,
2026-10-04|京都|8R|22fd092d49f60406,2026-10-04T09:34:05+09:00,1.12,2026-10-04,京都,8R,3歳以上2勝クラス,ダート,1400,良,14,ランスオブセヘル,◎,1,0.1569999054662752,0.2061724696047541,78.15431174011887,0.0,78.15431174011887,,,,,course_batch,,,False,,,,,,,,,,,,,,,,,,
2026-10-04|京都|8R|22fd092d49f60406,2026-10-04T09:34:05+09:00,1.12,2026-10-04,京都,8R,3歳以上2勝クラス,ダート,1400,良,15,バックトゥザライト,☆,7,0.0617072194690349,0.1295498389987495,28.786336297237163,0.0,28.786336297237163,,,,,course_batch,,,False,,,,,,,,,,,,,,,,,,
2026-10-04|京都|8R|22fd092d49f60406,2026-10-04T09:34:05+09:00,1.12,2026-10-04,京都,8R,3歳以上2勝クラス,ダート,1400,良,16,マキシマムビスタ,注,10,0.0478674995305294,0.0952063051064753,28.1979241431504,0.0,28.1979241431504,,,,,course_batch,,,False,,,,,,,,,,,,,,,,,,
2026-10-04|京都|9R|b2e77c1952189498,2026-10-04T09:34:05+09:00,1.12,2026-10-04,京都,9R,大原S,芝,2000,良,1,ホウオウアートマン,◎,1,0.1694280441376866,0.1858248497652824,73.64562124413206,0.0,73.64562124413206,,,,,course_batch,,,False,,,,,,,,,,,,,,,,,,
2026-10-04|京都|9R|b2e77c1952189498,2026-10-04T09:34:05+09:00,1.12,2026-10-04,京都,9R,大原S,芝,2000,良,2,ナムラフッカー,△,5,0.0620638525733234,0.1446968131904335,27.42782573105113,0.0,27.42782573105113,,,,,course_batch,,,False,,,,,,,,,,,,,,,,,,
2026-10-04|京都|9R|b2e77c1952189498,2026-10-04T09:34:05+09:00,1.12,2026-10-04,京都,9R,大原S,芝,2000,良,3,レディーミコノス,▲,3,0.0858176062257844,0.1338044558757808,42.26849449481237,0.0,42.26849449481237,,,,,course_batch,,,False,,,,,,,,,,,,,,,,,,
2026-10-04|京都|9R|b2e77c1952189498,2026-10-04T09:34:05+09:00,1.12,2026-10-04,京都,9R,大原S,芝,2000,良,4,チェルノボーグ,△,4,0.0642134282007514,0.1414961126002152,32.17247934139744,0.0,32.17247934139744,,,,,course_batch,,,False,,,,,,,,,,,,,,,,,,
2026-10-04|京都|9R|b2e77c1952189498,2026-10-04T09:34:05+09:00,1.12,2026-10-04,京都,9R,大原S,芝,2000,良,5,キュクヌス,注,8,0.0445351406563074,0.1260595758993891,22.23711508237736,0.0,22.23711508237736,,,,,course_batch,,,False,,,,,,,,,,,,,,,,,,
2026-10-04|京都|9R|b2e77c1952189498,2026-10-04T09:34:05+09:00,1.12,2026-10-04,京都,9R,大原S,芝,2000,良,6,キントリヒ,☆,7,0.0465123801302066,0.1227668598711197,20.913352628955423,0.0,20.913352628955423,,,,,course_batch,,,False,,,,,,,,,,,,,,,,,,
2026-10-04|京都|9R|b2e77c1952189498,2026-10-04T09:34:05+09:00,1.12,2026-10-04,京都,9R,大原S,芝,2000,良,7,カリーニョ,×,15,0.035338562336421,0.1161630189401864,20.4614919186871,0.0,20.4614919186871,,,,,course_batch,,,False,,,,,,,,,,,,,,,,,,
2026-10-04|京都|9R|b2e77c1952189498,2026-10-04T09:34:05+09:00,1.12,2026-10-04,京都,9R,大原S,芝,2000,良,8,ヴィスマール,×,18,0.0218757114523712,0.0954925775287644,16.779793095699205,0.0,16.779793095699205,,,,,course_batch,,,False,,,,,,,,,,,,,,,,,,
2026-10-04|京都|9R|b2e77c1952189498,2026-10-04T09:34:05+09:00,1.12,2026-10-04,京都,9R,大原S,芝,2000,良,9,ホウオウスーペリア,×,12,0.0405134979914443,0.123654674464154,18.634114715694977,0.0,18.634114715694977,,,,,course_batch,,,False,,,,,,,,,,,,,,,,,,
2026-10-04|京都|9R|b2e77c1952189498,2026-10-04T09:34:05+09:00,1.12,2026-10-04,京都,9R,大原S,芝,2000,良,10,スズカダブル,○,2,0.1282723649708463,0.2182182429204547,54.66633946330376,0.0,54.66633946330376,,,,,course_batch,,,False,,,,,,,,,,,,,,,,,,
2026-10-04|京都|9R|b2e77c1952189498,2026-10-04T09:34:05+09:00,1.12,2026-10-04,京都,9R,大原S,芝,2000,良,11,ローベルクランツ,注,10,0.0428288658078286,0.1209763920295764,26.1221005737018,0.0,26.1221005737018,,,,,course_batch,,,False,,,,,,,,,,,,,,,,,,
2026-10-04|京都|9R|b2e77c1952189498,2026-10-04T09:34:05+09:00,1.12,2026-10-04,京都,9R,大原S,芝,2000,良,12,ファームツエンティ,×,11,0.0405164635763837,0.131132104949505,22.82218820577714,0.0,22.82218820577714,,,,,course_batch,,,False,,,,,,,,,,,,,,,,,,
2026-10-04|京都|9R|b2e77c1952189498,2026-10-04T09:34:05+09:00,1.12,2026-10-04,京都,9R,大原S,芝,2000,良,13,リーティアコナル,×,13,0.039408433525776,0.1147270612102691,23.986973375327956,0.0,23.986973375327956,,,,,course_batch,,,False,,,,,,,,,,,,,,,,,,
2026-10-04|京都|9R|b2e77c1952189498,2026-10-04T09:34:05+09:00,1.12,2026-10-04,京都,9R,大原S,芝,2000,良,14,ミュージシャン,×,16,0.0249951449440151,0.1205718188813661,22.60352510417624,0.0,22.603525104176235,,,,,course_batch,,,False,,,,,,,,,,,,,,,,,,
2026-10-04|京都|9R|b2e77c1952189498,2026-10-04T09:34:05+09:00,1.12,2026-10-04,京都,9R,大原S,芝,2000,良,15,ミスタージーティー,×,14,0.0383903228125612,0.1023638125097815,21.28730040722468,0.0,21.28730040722468,,,,,course_batch,,,False,,,,,,,,,,,,,,,,,,
2026-10-04|京都|9R|b2e77c1952189498,2026-10-04T09:34:05+09:00,1.12,2026-10-04,京都,9R,大原S,芝,2000,良,16,オールセインツ,☆,6,0.0480448826860704,0.1092380870843586,21.16306824436832,0.0,21.163068244368315,,,,,course_batch,,,False,,,,,,,,,,,,,,,,,,
2026-10-04|京都|9R|b2e77c1952189498,2026-10-04T09:34:05+09:00,1.12,2026-10-04,京都,9R,大原S,芝,2000,良,17,シンゼンカガ,×,17,0.024279513186817,0.1156272080408419,18.205362225329846,0.0,18.205362225329843,,,,,course_batch,,,False,,,,,,,,,,,,,,,,,,
2026-10-04|京都|9R|b2e77c1952189498,2026-10-04T09:34:05+09:00,1.12,2026-10-04,京都,9R,大原S,芝,2000,良,18,ロードフィレール,注,9,0.0429657847854046,0.1098244796744253,29.229164199910297,0.0,29.229164199910297,,,,,course_batch,,,False,,,,,,,,,,,,,,,,,,
2026-10-04|京都|10R|3ef4761023846702,2026-10-04T09:34:05+09:00,1.12,2026-10-04,京都,10R,藤森S,ダート,1200,良,1,ロードラディウス,○,2,0.1224662636290741,0.1674125021945594,46.01878111021124,0.0,46.01878111021124,,,,,course_batch,,,False,,,,,,,,,,,,,,,,,,
2026-10-04|京都|10R|3ef4761023846702,2026-10-04T09:34:05+09:00,1.12,2026-10-04,京都,10R,藤森S,ダート,1200,良,2,グッジョブ,☆,7,0.0539059776127193,0.1527057145151261,24.23148152000511,0.0,24.231481520005104,,,,,course_batch,,,False,,,,,,,,,,,,,,,,,,
2026-10-04|京都|10R|3ef4761023846702,2026-10-04T09:34:05+09:00,1.12,2026-10-04,京都,10R,藤森S,ダート,1200,良,3,アガシ,注,9,0.0461819488080488,0.1111758519107762,22.55477023371036,0.0,22.55477023371036,,,,,course_batch,,,False,,,,,,,,,,,,,,,,,,
2026-10-04|京都|10R|3ef4761023846702,2026-10-04T09:34:05+09:00,1.12,2026-10-04,京都,10R,藤森S,ダート,1200,良,4,ロードアウォード,注,10,0.0460529201660684,0.0976169455239493,24.171722451005166,0.0,24.171722451005166,,,,,course_batch,,,False,,,,,,,,,,,,,,,,,,
2026-10-04|京都|10R|3ef4761023846702,2026-10-04T09:34:05+09:00,1.12,2026-10-04,京都,10R,藤森S,ダート,1200,良,5,ロードフロンティア,×,14,0.0326216525319817,0.1113398110933203,15.926783518357944,0.0,15.926783518357944,,,,,course_batch,,,False,,,,,,,,,,,,,,,,,,
2026-10-04|京都|10R|3ef4761023846702,2026-10-04T09:34:05+09:00,1.12,2026-10-04,京都,10R,藤森S,ダート,1200,良,6,ペプチドヤマト,◎,1,0.1902856112769619,0.1902856112769619,73.75714028192405,0.0,73.75714028192405,,,,,course_batch,,,False,,,,,,,,,,,,,,,,,,
2026-10-04|京都|10R|3ef4761023846702,2026-10-04T09:34:05+09:00,1.12,2026-10-04,京都,10R,藤森S,ダート,1200,良,7,メイショウホウレン,×,13,0.0333411130330217,0.0943473942711298,21.747734888480757,0.0,21.747734888480757,,,,,course_batch,,,False,,,,,,,,,,,,,,,,,,
2026-10-04|京都|10R|3ef4761023846702,2026-10-04T09:34:05+09:00,1.12,2026-10-04,京都,10R,藤森S,ダート,1200,良,8,コンクイスタ,×,11,0.0421031455876616,0.0955670183156759,24.771263755754408,0.0,24.771263755754408,,,,,course_batch,,,False,,,,,,,,,,,,,,,,,,
2026-10-04|京都|10R|3ef4761023846702,2026-10-04T09:34:05+09:00,1.12,2026-10-04,京都,10R,藤森S,ダート,1200,良,9,エンヤラヴフェイス,×,16,0.0127913955563605,0.0766835658664507,8.28652467877447,0.0,8.28652467877447,,,,,course_batch,,,False,,,,,,,,,,,,,,,,,,
2026-10-04|京都|10R|3ef4761023846702,2026-10-04T09:34:05+09:00,1.12,2026-10-04,京都,10R,藤森S,ダート,1200,良,10,スマートフォルス,☆,6,0.0701592014681303,0.1534533239510961,27.80213936665573,0.0,27.80213936665573,,,,,course_batch,,,False,,,,,,,,,,,,,,,,,,
2026-10-04|京都|10R|3ef4761023846702,2026-10-04T09:34:05+09:00,1.12,2026-10-04,京都,10R,藤森S,ダート,1200,良,11,ケイアイアニラ,△,4,0.0774898328022575,0.1480090849005299,34.170116770740975,0.0,34.170116770740975,,,,,course_batch,,,False,,,,,,,,,,,,,,,,,,
2026-10-04|京都|10R|3ef4761023846702,2026-10-04T09:34:05+09:00,1.12,2026-10-04,京都,10R,藤森S,ダート,1200,良,12,サトノカルナバル,×,12,0.0400463300271599,0.1096528806075762,18.420819031790916,0.0,18.420819031790916,,,,,course_batch,,,False,,,,,,,,,,,,,,,,,,
2026-10-04|京都|10R|3ef4761023846702,2026-10-04T09:34:05+09:00,1.12,2026-10-04,京都,10R,藤森S,ダート,1200,良,13,ドンレパルス,注,8,0.0526970022155784,0.1192083754999205,28.981071990961198,0.0,28.981071990961198,,,,,course_batch,,,False,,,,,,,,,,,,,,,,,,
2026-10-04|京都|10R|3ef4761023846702,2026-10-04T09:34:05+09:00,1.12,2026-10-04,京都,10R,藤森S,ダート,1200,良,14,ゼットエール,△,5,0.0739757454331875,0.1326530372901804,36.58583223327744,0.0,36.58583223327744,,,,,course_batch,,,False,,,,,,,,,,,,,,,,,,
2026-10-04|京都|10R|3ef4761023846702,2026-10-04T09:34:05+09:00,1.12,2026-10-04,京都,10R,藤森S,ダート,1200,良,15,ルージュラナキラ,×,15,0.0193885897531975,0.060364831704439,14.13210361038969,0.0,14.13210361038969,,,,,course_batch,,,False,,,,,,,,,,,,,,,,,,
2026-10-04|京都|10R|3ef4761023846702,2026-10-04T09:34:05+09:00,1.12,2026-10-04,京都,10R,藤森S,ダート,1200,良,16,エコロエイト,▲,3,0.0864932700985903,0.135181523242942,36.9249278700336,0.0,36.9249278700336,,,,,course_batch,,,False,,,,,,,,,,,,,,,,,,
2026-10-04|京都|11R|90e2190b1ff1ef09,2026-10-04T09:34:05+09:00,1.12,2026-10-04,京都,11R,京都大賞典,芝,2400,良,1,ウエストナウ,×,12,0.0402836395363673,0.0751152093262216,33.23532444120229,0.0,33.23532444120229,,,,,course_batch,,,False,,,,,,,,,,,,,,,,,,
2026-10-04|京都|11R|90e2190b1ff1ef09,2026-10-04T09:34:05+09:00,1.12,2026-10-04,京都,11R,京都大賞典,芝,2400,良,2,ヴェルテンベルク,×,13,0.0398239971427677,0.0861082572902853,35.17517778082403,0.0,35.17517778082403,,,,,course_batch,,,False,,,,,,,,,,,,,,,,,,
2026-10-04|京都|11R|90e2190b1ff1ef09,2026-10-04T09:34:05+09:00,1.12,2026-10-04,京都,11R,京都大賞典,芝,2400,良,3,ディープモンスター,○,2,0.0884112429989807,0.1399449525735364,69.92994540243484,0.0,69.92994540243484,,,,,course_batch,,,False,,,,,,,,,,,,,,,,,,
2026-10-04|京都|11R|90e2190b1ff1ef09,2026-10-04T09:34:05+09:00,1.12,2026-10-04,京都,11R,京都大賞典,芝,2400,良,4,ヘデントール,×,14,0.0388221074142919,0.0882793673483358,40.49930994104111,0.0,40.49930994104111,,,,,course_batch,,,False,,,,,,,,,,,,,,,,,,
2026-10-04|京都|11R|90e2190b1ff1ef09,2026-10-04T09:34:05+09:00,1.12,2026-10-04,京都,11R,京都大賞典,芝,2400,良,5,ヴェルミセル,注,8,0.0574069551393612,0.1063767804947269,46.495795322854725,0.0,46.495795322854725,,,,,course_batch,,,False,,,,,,,,,,,,,,,,,,
2026-10-04|京都|11R|90e2190b1ff1ef09,2026-10-04T09:34:05+09:00,1.12,2026-10-04,京都,11R,京都大賞典,芝,2400,良,6,アクアヴァーナル,△,5,0.077842066497166,0.1170474767892827,67.65502648167234,0.0,67.65502648167234,,,,,course_batch,,,False,,,,,,,,,,,,,,,,,,
2026-10-04|京都|11R|90e2190b1ff1ef09,2026-10-04T09:34:05+09:00,1.12,2026-10-04,京都,11R,京都大賞典,芝,2400,良,7,リビアングラス,☆,6,0.0654379766594025,0.1085081982818988,50.40183560601841,0.0,50.40183560601841,,,,,course_batch,,,False,,,,,,,,,,,,,,,,,,
2026-10-04|京都|11R|90e2190b1ff1ef09,2026-10-04T09:34:05+09:00,1.12,2026-10-04,京都,11R,京都大賞典,芝,2400,良,8,ミクニインスパイア,▲,3,0.0812229746706859,0.1172454183891959,72.12387411864809,0.0,72.12387411864809,,,,,course_batch,,,False,,,,,,,,,,,,,,,,,,
2026-10-04|京都|11R|90e2190b1ff1ef09,2026-10-04T09:34:05+09:00,1.12,2026-10-04,京都,11R,京都大賞典,芝,2400,良,9,ミステリーウェイ,☆,7,0.0601216701821145,0.0821012846465747,55.86730651043395,0.0,55.86730651043395,,,,,course_batch,,,False,,,,,,,,,,,,,,,,,,
2026-10-04|京都|11R|90e2190b1ff1ef09,2026-10-04T09:34:05+09:00,1.12,2026-10-04,京都,11R,京都大賞典,芝,2400,良,10,マイネルエンペラー,×,16,0.0332109457437477,0.0972187201280208,34.633556353455944,0.0,34.633556353455944,,,,,course_batch,,,False,,,,,,,,,,,,,,,,,,
2026-10-04|京都|11R|90e2190b1ff1ef09,2026-10-04T09:34:05+09:00,1.12,2026-10-04,京都,11R,京都大賞典,芝,2400,良,11,ファミリータイム,×,17,0.0322197560737556,0.1208184974135253,32.50120305904029,0.0,32.50120305904029,,,,,course_batch,,,False,,,,,,,,,,,,,,,,,,
2026-10-04|京都|11R|90e2190b1ff1ef09,2026-10-04T09:34:05+09:00,1.12,2026-10-04,京都,11R,京都大賞典,芝,2400,良,12,エコロディノス,◎,1,0.0891915710137388,0.1216178658186988,76.04044664546747,0.0,76.04044664546747,,,,,course_batch,,,False,,,,,,,,,,,,,,,,,,
2026-10-04|京都|11R|90e2190b1ff1ef09,2026-10-04T09:34:05+09:00,1.12,2026-10-04,京都,11R,京都大賞典,芝,2400,良,13,サフィラ,×,11,0.0447305932591819,0.087522404062735,38.78630373379415,0.0,38.78630373379415,,,,,course_batch,,,False,,,,,,,,,,,,,,,,,,
2026-10-04|京都|11R|90e2190b1ff1ef09,2026-10-04T09:34:05+09:00,1.12,2026-10-04,京都,11R,京都大賞典,芝,2400,良,14,サヴォーナ,×,18,0.0309634144407413,0.1098948666343251,25.31253018670276,0.0,25.31253018670275,,,,,course_batch,,,False,,,,,,,,,,,,,,,,,,
2026-10-04|京都|11R|90e2190b1ff1ef09,2026-10-04T09:34:05+09:00,1.12,2026-10-04,京都,11R,京都大賞典,芝,2400,良,15,メイショウブレゲ,×,15,0.0333045425341754,0.0929945693835333,26.59616296962178,0.0,26.596162969621773,,,,,course_batch,,,False,,,,,,,,,,,,,,,,,,
2026-10-04|京都|11R|90e2190b1ff1ef09,2026-10-04T09:34:05+09:00,1.12,2026-10-04,京都,11R,京都大賞典,芝,2400,良,16,ショウナンラプンタ,注,10,0.0536676310733626,0.137120679639792,46.53929152198414,0.0,46.53929152198414,,,,,course_batch,,,False,,,,,,,,,,,,,,,,,,
2026-10-04|京都|11R|90e2190b1ff1ef09,2026-10-04T09:34:05+09:00,1.12,2026-10-04,京都,11R,京都大賞典,芝,2400,良,17,キングスコール,注,9,0.0546699711151926,0.1162014212825338,44.746783828437046,0.0,44.746783828437046,,,,,course_batch,,,False,,,,,,,,,,,,,,,,,,
2026-10-04|京都|11R|90e2190b1ff1ef09,2026-10-04T09:34:05+09:00,1.12,2026-10-04,京都,11R,京都大賞典,芝,2400,良,18,ダノンシーマ,△,4,0.0786689445049655,0.1305355222664863,70.59483019523704,0.0,70.59483019523704,,,,,course_batch,,,False,,,,,,,,,,,,,,,,,,
2026-10-04|京都|12R|51cdceea4d075e11,2026-10-04T09:34:05+09:00,1.12,2026-10-04,京都,12R,3歳以上2勝クラス,芝,1200,良,1,ファイツオン,△,4,0.0820516197777956,0.2227830617765437,42.936898928087466,0.0,42.936898928087466,,,,,course_batch,,,False,,,,,,,,,,,,,,,,,,
2026-10-04|京都|12R|51cdceea4d075e11,2026-10-04T09:34:05+09:00,1.12,2026-10-04,京都,12R,3歳以上2勝クラス,芝,1200,良,2,スイミーユニバンス,×,18,0.006497066724892,0.0651772031094126,4.271543914668731,0.0,4.271543914668731,,,,,course_batch,,,False,,,,,,,,,,,,,,,,,,
2026-10-04|京都|12R|51cdceea4d075e11,2026-10-04T09:34:05+09:00,1.12,2026-10-04,京都,12R,3歳以上2勝クラス,芝,1200,良,3,ジュルナール,◎,1,0.159837676641571,0.2852019041459336,76.13004760364834,0.0,76.13004760364834,,,,,course_batch,,,False,,,,,,,,,,,,,,,,,,
2026-10-04|京都|12R|51cdceea4d075e11,2026-10-04T09:34:05+09:00,1.12,2026-10-04,京都,12R,3歳以上2勝クラス,芝,1200,良,4,ガラベイヤ,×,15,0.0160499362898532,0.1031598654739698,14.105904940076725,0.0,14.105904940076725,,,,,course_batch,,,False,,,,,,,,,,,,,,,,,,
2026-10-04|京都|12R|51cdceea4d075e11,2026-10-04T09:34:05+09:00,1.12,2026-10-04,京都,12R,3歳以上2勝クラス,芝,1200,良,5,モンサンゴールデン,注,10,0.0362317511763064,0.0954245036658705,27.119709557664628,0.0,27.119709557664628,,,,,course_batch,,,False,,,,,,,,,,,,,,,,,,
2026-10-04|京都|12R|51cdceea4d075e11,2026-10-04T09:34:05+09:00,1.12,2026-10-04,京都,12R,3歳以上2勝クラス,芝,1200,良,6,サンライズプルート,注,9,0.0448819739109526,0.1683384173297746,24.46027918780434,0.0,24.46027918780434,,,,,course_batch,,,False,,,,,,,,,,,,,,,,,,
2026-10-04|京都|12R|51cdceea4d075e11,2026-10-04T09:34:05+09:00,1.12,2026-10-04,京都,12R,3歳以上2勝クラス,芝,1200,良,7,ロードトレゾール,▲,3,0.1164047955498129,0.321299122562133,57.36995111619838,0.0,57.36995111619838,,,,,course_batch,,,False,,,,,,,,,,,,,,,,,,
2026-10-04|京都|12R|51cdceea4d075e11,2026-10-04T09:34:05+09:00,1.12,2026-10-04,京都,12R,3歳以上2勝クラス,芝,1200,良,8,バシレウスシチー,×,13,0.025300771235925,0.1337524606475405,13.632688112054964,0.0,13.632688112054964,,,,,course_batch,,,False,,,,,,,,,,,,,,,,,,
2026-10-04|京都|12R|51cdceea4d075e11,2026-10-04T09:34:05+09:00,1.12,2026-10-04,京都,12R,3歳以上2勝クラス,芝,1200,良,9,トップアタック,○,2,0.1429476626050765,0.2863852287131423,75.29109424107517,0.0,75.29109424107517,,,,,course_batch,,,False,,,,,,,,,,,,,,,,,,
2026-10-04|京都|12R|51cdceea4d075e11,2026-10-04T09:34:05+09:00,1.12,2026-10-04,京都,12R,3歳以上2勝クラス,芝,1200,良,10,メイショウゴールド,×,14,0.0240756585553928,0.1147343376099811,12.659027567715594,0.0,12.659027567715594,,,,,course_batch,,,False,,,,,,,,,,,,,,,,,,
2026-10-04|京都|12R|51cdceea4d075e11,2026-10-04T09:34:05+09:00,1.12,2026-10-04,京都,12R,3歳以上2勝クラス,芝,1200,良,11,アイニードユー,×,12,0.0278525432086375,0.1331535784939473,17.988759534184336,0.0,17.988759534184336,,,,,course_batch,,,False,,,,,,,,,,,,,,,,,,
2026-10-04|京都|12R|51cdceea4d075e11,2026-10-04T09:34:05+09:00,1.12,2026-10-04,京都,12R,3歳以上2勝クラス,芝,1200,良,12,サクセスカラー,☆,7,0.0642824989877676,0.1597182876567413,32.134243288655114,0.0,32.134243288655114,,,,,course_batch,,,False,,,,,,,,,,,,,,,,,,
2026-10-04|京都|12R|51cdceea4d075e11,2026-10-04T09:34:05+09:00,1.12,2026-10-04,京都,12R,3歳以上2勝クラス,芝,1200,良,13,グッドピース,△,5,0.0790284357995978,0.2145434121693606,40.83482526200493,0.0,40.83482526200493,,,,,course_batch,,,False,,,,,,,,,,,,,,,,,,
2026-10-04|京都|12R|51cdceea4d075e11,2026-10-04T09:34:05+09:00,1.12,2026-10-04,京都,12R,3歳以上2勝クラス,芝,1200,良,14,マーゴットミスト,×,17,0.0081456321347449,0.0915550617553457,11.60140022342716,0.0,11.60140022342716,,,,,course_batch,,,False,,,,,,,,,,,,,,,,,,
2026-10-04|京都|12R|51cdceea4d075e11,2026-10-04T09:34:05+09:00,1.12,2026-10-04,京都,12R,3歳以上2勝クラス,芝,1200,良,15,マイネルラッシュ,×,11,0.0308130988647552,0.1477901965549573,18.225288817343987,0.0,18.225288817343987,,,,,course_batch,,,False,,,,,,,,,,,,,,,,,,
2026-10-04|京都|12R|51cdceea4d075e11,2026-10-04T09:34:05+09:00,1.12,2026-10-04,京都,12R,3歳以上2勝クラス,芝,1200,良,16,スネーフリンガ,☆,6,0.0669620975690582,0.1522489939657533,31.037203385882428,0.0,31.037203385882435,,,,,course_batch,,,False,,,,,,,,,,,,,,,,,,
2026-10-04|京都|12R|51cdceea4d075e11,2026-10-04T09:34:05+09:00,1.12,2026-10-04,京都,12R,3歳以上2勝クラス,芝,1200,良,17,タマカヅラ,×,16,0.0087798431048784,0.0670015365588701,11.245471955100127,0.0,11.245471955100127,,,,,course_batch,,,False,,,,,,,,,,,,,,,,,,
2026-10-04|京都|12R|51cdceea4d075e11,2026-10-04T09:34:05+09:00,1.12,2026-10-04,京都,12R,3歳以上2勝クラス,芝,1200,良,18,ルージュサウダージ,注,8,0.0598569378629819,0.1332891156192522,30.173803937151177,0.0,30.173803937151177,,,,,course_batch,,,False,,,,,,,,,,,,,,,,,,
