date,course,race_no,race_name,surface,distance,going,horse_no,gate,horse_name,jockey,trainer,age,sex,weight,body_weight,body_weight_diff,odds,popularity,race_class,running_style,going_source
2026-10-11,東京,1R,2歳未勝利,ダート,1600,良,1,1,ステラガーネット,横山和,栗田,2,牝,55.0,,,16.6,6.0,未勝利,,出走表
2026-10-11,東京,1R,2歳未勝利,ダート,1600,良,2,2,ベルグラース,三浦,浅利,2,牝,55.0,,,2.7,1.0,未勝利,,出走表
2026-10-11,東京,1R,2歳未勝利,ダート,1600,良,3,2,ローブリッター,江田照,尾関,2,牝,55.0,,,87.0,12.0,未勝利,,出走表
2026-10-11,東京,1R,2歳未勝利,ダート,1600,良,4,3,アテナプロマコス,菊沢,和田勇,2,牝,55.0,,,94.2,14.0,未勝利,,出走表
2026-10-11,東京,1R,2歳未勝利,ダート,1600,良,5,3,カンタベリートップ,木幡初,石栗,2,牝,55.0,,,73.0,11.0,未勝利,,出走表
2026-10-11,東京,1R,2歳未勝利,ダート,1600,良,6,4,フィールザウィル,西村淳,伊藤大,2,牝,55.0,,,9.1,4.0,未勝利,,出走表
2026-10-11,東京,1R,2歳未勝利,ダート,1600,良,7,4,ヴァルブロッサ,横山武,久保田,2,牝,55.0,,,10.3,5.0,未勝利,,出走表
2026-10-11,東京,1R,2歳未勝利,ダート,1600,良,8,5,アイビーナツユメ,木幡巧,牧,2,牝,55.0,,,22.4,7.0,未勝利,,出走表
2026-10-11,東京,1R,2歳未勝利,ダート,1600,良,9,5,サンクサンス,吉村,小栗,2,牝,55.0,,,6.9,3.0,未勝利,,出走表
2026-10-11,東京,1R,2歳未勝利,ダート,1600,良,10,6,キャミソール,◇小林美,深山,2,牝,53.0,,,35.0,8.0,未勝利,,出走表
2026-10-11,東京,1R,2歳未勝利,ダート,1600,良,11,6,アイファーエリース,松岡,蛯名利,2,牝,55.0,,,87.2,13.0,未勝利,,出走表
2026-10-11,東京,1R,2歳未勝利,ダート,1600,良,12,7,スードランダム,原田和,伊坂,2,牝,55.0,,,72.0,10.0,未勝利,,出走表
2026-10-11,東京,1R,2歳未勝利,ダート,1600,良,13,7,サンクレセント,佐々木,伊藤圭,2,牝,55.0,,,57.4,9.0,未勝利,,出走表
2026-10-11,東京,1R,2歳未勝利,ダート,1600,良,14,8,テンユメノオーロラ,ルメール,平岩,2,牝,55.0,,,3.1,2.0,未勝利,,出走表
2026-10-11,東京,1R,2歳未勝利,ダート,1600,良,15,8,ラヴァブルロマン,▲佐藤,伊藤圭,2,牝,52.0,,,131.8,15.0,未勝利,,出走表
2026-10-11,東京,2R,2歳未勝利,芝,1600,良,1,1,ノーブルグランツ,荻野極,久保田,2,牡,56.0,,,5.6,2.0,未勝利,,出走表
2026-10-11,東京,2R,2歳未勝利,芝,1600,良,2,2,ニーナラルゴ,原田和,上原博,2,牝,55.0,,,8.1,4.0,未勝利,,出走表
2026-10-11,東京,2R,2歳未勝利,芝,1600,良,3,3,ウインドピット,◇小林美,尾形,2,牡,54.0,,,19.8,8.0,未勝利,,出走表
2026-10-11,東京,2R,2歳未勝利,芝,1600,良,4,4,コスモシグナス,丹内,水野,2,牡,56.0,,,7.1,3.0,未勝利,,出走表
2026-10-11,東京,2R,2歳未勝利,芝,1600,良,5,5,セイウンウェルス,野中,伊藤大,2,牡,56.0,,,60.4,11.0,未勝利,,出走表
2026-10-11,東京,2R,2歳未勝利,芝,1600,良,6,5,イントゥーザブルー,石橋脩,清水英,2,牡,56.0,,,15.7,7.0,未勝利,,出走表
2026-10-11,東京,2R,2歳未勝利,芝,1600,良,7,6,ドナフェリーチェ,三浦,柄崎,2,牝,55.0,,,9.0,5.0,未勝利,,出走表
2026-10-11,東京,2R,2歳未勝利,芝,1600,良,8,6,コスモデュアリズム,松岡,伊藤伸,2,牡,56.0,,,84.0,12.0,未勝利,,出走表
2026-10-11,東京,2R,2歳未勝利,芝,1600,良,9,7,ニースケンス,原,小島,2,牡,56.0,,,2.4,1.0,未勝利,,出走表
2026-10-11,東京,2R,2歳未勝利,芝,1600,良,10,7,ドッグズノーズ,佐々木,浅利,2,牡,56.0,,,38.7,10.0,未勝利,,出走表
2026-10-11,東京,2R,2歳未勝利,芝,1600,良,11,8,ミラマルニ,黛,伊藤圭,2,牝,55.0,,,11.6,6.0,未勝利,,出走表
2026-10-11,東京,2R,2歳未勝利,芝,1600,良,12,8,イツマデモマツワ,木幡初,深山,2,牝,55.0,,,30.6,9.0,未勝利,,出走表
2026-10-11,東京,3R,2歳未勝利,芝,2000,良,1,1,カシノデスティニー,伊藤,和田雄,2,牝,55.0,,,131.3,13.0,未勝利,,出走表
2026-10-11,東京,3R,2歳未勝利,芝,2000,良,2,2,ヴェルバーニア,ルメール,手塚久,2,牡,56.0,,,1.7,1.0,未勝利,,出走表
2026-10-11,東京,3R,2歳未勝利,芝,2000,良,3,3,マイネルアルディ,丹内,菊川,2,牡,56.0,,,63.9,10.0,未勝利,,出走表
2026-10-11,東京,3R,2歳未勝利,芝,2000,良,4,3,ハイランドウインド,原田和,杉浦,2,牡,56.0,,,124.6,12.0,未勝利,,出走表
2026-10-11,東京,3R,2歳未勝利,芝,2000,良,5,4,ディヴァンパーレ,西村淳,小栗,2,牝,55.0,,,30.0,6.0,未勝利,,出走表
2026-10-11,東京,3R,2歳未勝利,芝,2000,良,6,4,パッションノーヴァ,武藤,武藤,2,牡,56.0,,,34.4,7.0,未勝利,,出走表
2026-10-11,東京,3R,2歳未勝利,芝,2000,良,7,5,モナークスヴァラー,ミシェル,牧,2,牡,56.0,,,9.0,4.0,未勝利,,出走表
2026-10-11,東京,3R,2歳未勝利,芝,2000,良,8,5,マイネルヘルリッヒ,柴田大,清水英,2,牡,56.0,,,42.7,9.0,未勝利,,出走表
2026-10-11,東京,3R,2歳未勝利,芝,2000,良,9,6,ハナナ,横山武,矢作,2,牝,55.0,,,7.1,3.0,未勝利,,出走表
2026-10-11,東京,3R,2歳未勝利,芝,2000,良,10,6,ビップルーチェ,Ｍデムーロ,田島,2,牝,55.0,,,38.4,8.0,未勝利,,出走表
2026-10-11,東京,3R,2歳未勝利,芝,2000,良,11,7,テイクユアタイム,原,中川,2,牡,56.0,,,70.4,11.0,未勝利,,出走表
2026-10-11,東京,3R,2歳未勝利,芝,2000,良,12,7,タイセイソアリング,荻野極,池上,2,牡,56.0,,,12.2,5.0,未勝利,,出走表
2026-10-11,東京,3R,2歳未勝利,芝,2000,良,13,8,ドナズエクリプス,吉村,清水久,2,牡,56.0,,,5.9,2.0,未勝利,,出走表
2026-10-11,東京,3R,2歳未勝利,芝,2000,良,14,8,マイネルシードル,△石神道,和田郎,2,牡,54.0,,,165.9,14.0,未勝利,,出走表
2026-10-11,東京,4R,2歳新馬,ダート,1600,良,1,1,メヌフォーコン,佐々木,千葉,2,牝,55.0,,,15.9,8.0,新馬,,出走表
2026-10-11,東京,4R,2歳新馬,ダート,1600,良,2,1,センターサンテ,☆長浜,本間,2,牡,55.0,,,47.4,13.0,新馬,,出走表
2026-10-11,東京,4R,2歳新馬,ダート,1600,良,3,2,フェスティヴガッツ,丹内,清水英,2,牡,56.0,,,30.7,11.0,新馬,,出走表
2026-10-11,東京,4R,2歳新馬,ダート,1600,良,4,2,トラストフィスティ,△石神道,高木,2,牝,53.0,,,68.1,14.0,新馬,,出走表
2026-10-11,東京,4R,2歳新馬,ダート,1600,良,5,3,オーバーゼア,▲遠藤,伊藤伸,2,牡,53.0,,,87.2,15.0,新馬,,出走表
2026-10-11,東京,4R,2歳新馬,ダート,1600,良,6,3,リオフラウス,原,矢野,2,牝,55.0,,,19.8,10.0,新馬,,出走表
2026-10-11,東京,4R,2歳新馬,ダート,1600,良,7,4,ロードアマデウス,横山和,嘉藤,2,牡,56.0,,,9.7,3.0,新馬,,出走表
2026-10-11,東京,4R,2歳新馬,ダート,1600,良,8,4,レヴフィリア,◇小林美,伊藤圭,2,牝,53.0,,,12.8,6.0,新馬,,出走表
2026-10-11,東京,4R,2歳新馬,ダート,1600,良,9,5,テールエメール,石橋脩,池上,2,牡,56.0,,,17.5,9.0,新馬,,出走表
2026-10-11,東京,4R,2歳新馬,ダート,1600,良,10,5,マイオーラ,吉田豊,松尾,2,牡,56.0,,,40.0,12.0,新馬,,出走表
2026-10-11,東京,4R,2歳新馬,ダート,1600,良,11,6,ヤマトリンカーン,▲佐藤,伊藤圭,2,牡,53.0,,,11.7,4.0,新馬,,出走表
2026-10-11,東京,4R,2歳新馬,ダート,1600,良,12,6,マウンテンジョオー,▲水沼,西田,2,牝,52.0,,,93.3,16.0,新馬,,出走表
2026-10-11,東京,4R,2歳新馬,ダート,1600,良,13,7,チャームドール,三浦,小手川,2,牝,55.0,,,15.7,7.0,新馬,,出走表
2026-10-11,東京,4R,2歳新馬,ダート,1600,良,14,7,ギルデッドグロス,ルメール,黒岩,2,牡,56.0,,,2.5,1.0,新馬,,出走表
2026-10-11,東京,4R,2歳新馬,ダート,1600,良,15,8,ベアフラッシュ,松岡,千葉,2,牝,55.0,,,12.2,5.0,新馬,,出走表
2026-10-11,東京,4R,2歳新馬,ダート,1600,良,16,8,ユイノゲリラゴウウ,内田博,深山,2,牡,56.0,,,6.4,2.0,新馬,,出走表
2026-10-11,東京,5R,2歳新馬,芝,2000,良,1,1,アースグレイジング,木幡巧,杉浦,2,牡,56.0,,,43.8,11.0,新馬,,出走表
2026-10-11,東京,5R,2歳新馬,芝,2000,良,2,2,アインザッツ,川田,宮田,2,牡,56.0,,,6.0,3.0,新馬,,出走表
2026-10-11,東京,5R,2歳新馬,芝,2000,良,3,3,マイネルユンフェン,丹内,伊藤大,2,牡,56.0,,,21.0,7.0,新馬,,出走表
2026-10-11,東京,5R,2歳新馬,芝,2000,良,4,4,ソルフィーナ,佐々木,上原佑,2,牝,55.0,,,6.2,4.0,新馬,,出走表
2026-10-11,東京,5R,2歳新馬,芝,2000,良,5,5,ラニアケア,西村淳,堀,2,牡,56.0,,,3.3,1.0,新馬,,出走表
2026-10-11,東京,5R,2歳新馬,芝,2000,良,6,6,カンキチ,菊沢,菊沢,2,牡,56.0,,,35.2,9.0,新馬,,出走表
2026-10-11,東京,5R,2歳新馬,芝,2000,良,7,6,ハナコ,横山和,嘉藤,2,牝,55.0,,,7.8,5.0,新馬,,出走表
2026-10-11,東京,5R,2歳新馬,芝,2000,良,8,7,ホールノート,ルメール,尾関,2,牝,55.0,,,4.1,2.0,新馬,,出走表
2026-10-11,東京,5R,2歳新馬,芝,2000,良,9,7,グロリアススマイル,戸崎圭,小笠,2,牡,56.0,,,11.8,6.0,新馬,,出走表
2026-10-11,東京,5R,2歳新馬,芝,2000,良,10,8,ユウミンジザイ,原,小手川,2,牝,55.0,,,41.7,10.0,新馬,,出走表
2026-10-11,東京,5R,2歳新馬,芝,2000,良,11,8,ハントクス,大野,辻,2,牝,55.0,,,21.6,8.0,新馬,,出走表
2026-10-11,東京,6R,3歳以上1勝クラス,ダート,1400,良,1,1,ドルンレースツェン,☆長浜,矢嶋,4,牝,55.0,,,,,1勝クラス,,出走表
2026-10-11,東京,6R,3歳以上1勝クラス,ダート,1400,良,2,1,グラスハーティー,▲上里,松山,3,牝,51.0,,,,,1勝クラス,,出走表
2026-10-11,東京,6R,3歳以上1勝クラス,ダート,1400,良,3,2,パッションディーバ,武藤,武藤,4,牝,56.0,,,,,1勝クラス,,出走表
2026-10-11,東京,6R,3歳以上1勝クラス,ダート,1400,良,4,2,ミュークチェルシー,吉田豊,稲垣,4,牝,56.0,,,,,1勝クラス,,出走表
2026-10-11,東京,6R,3歳以上1勝クラス,ダート,1400,良,5,3,ベルメサイア,丹内,西村,5,牝,56.0,,,,,1勝クラス,,出走表
2026-10-11,東京,6R,3歳以上1勝クラス,ダート,1400,良,6,3,ブルームコード,西村淳,小島,3,牝,54.0,,,,,1勝クラス,,出走表
2026-10-11,東京,6R,3歳以上1勝クラス,ダート,1400,良,7,4,プリプリプリン,▲佐藤,伊藤圭,3,牝,51.0,,,,,1勝クラス,,出走表
2026-10-11,東京,6R,3歳以上1勝クラス,ダート,1400,良,8,4,フュルスティン,戸崎圭,加藤士,3,牝,54.0,,,,,1勝クラス,,出走表
2026-10-11,東京,6R,3歳以上1勝クラス,ダート,1400,良,9,5,スタートレイン,原,黒岩,3,牝,54.0,,,,,1勝クラス,,出走表
2026-10-11,東京,6R,3歳以上1勝クラス,ダート,1400,良,10,5,ペンテリコン,浜中,武幸,4,牝,56.0,,,,,1勝クラス,,出走表
2026-10-11,東京,6R,3歳以上1勝クラス,ダート,1400,良,11,6,ティピティーナ,伊藤,林,4,牝,56.0,,,,,1勝クラス,,出走表
2026-10-11,東京,6R,3歳以上1勝クラス,ダート,1400,良,12,6,ラエトゥス,横山和,斎藤誠,3,牝,54.0,,,,,1勝クラス,,出走表
2026-10-11,東京,6R,3歳以上1勝クラス,ダート,1400,良,13,7,テンハートビート,ミシェル,西田,3,牝,54.0,,,,,1勝クラス,,出走表
2026-10-11,東京,6R,3歳以上1勝クラス,ダート,1400,良,14,7,エスシーレイジュ,大野,松山,3,牝,54.0,,,,,1勝クラス,,出走表
2026-10-11,東京,6R,3歳以上1勝クラス,ダート,1400,良,15,8,カーボフリオ,◇小林美,高木,3,牝,52.0,,,,,1勝クラス,,出走表
2026-10-11,東京,6R,3歳以上1勝クラス,ダート,1400,良,16,8,ノアスペシャル,木幡巧,鈴木慎,5,牝,56.0,,,,,1勝クラス,,出走表
2026-10-11,東京,7R,3歳以上1勝クラス,ダート,1600,良,1,1,サムワンライクユー,内田博,佐藤吉,6,牡,58.0,,,,,1勝クラス,,出走表
2026-10-11,東京,7R,3歳以上1勝クラス,ダート,1600,良,2,1,サマーマッドネス,川田,森秀,3,牡,56.0,,,,,1勝クラス,,出走表
2026-10-11,東京,7R,3歳以上1勝クラス,ダート,1600,良,3,2,ヴァンデスペランス,吉村,中舘,3,牡,56.0,,,,,1勝クラス,,出走表
2026-10-11,東京,7R,3歳以上1勝クラス,ダート,1600,良,4,2,アンシュウマト,三浦,中川,3,牡,56.0,,,,,1勝クラス,,出走表
2026-10-11,東京,7R,3歳以上1勝クラス,ダート,1600,良,5,3,カーマンライン,江田照,小島,5,せん,58.0,,,,,1勝クラス,,出走表
2026-10-11,東京,7R,3歳以上1勝クラス,ダート,1600,良,6,3,ワルトシュタイン,△石田,佐藤悠,3,牡,54.0,,,,,1勝クラス,,出走表
2026-10-11,東京,7R,3歳以上1勝クラス,ダート,1600,良,7,4,ブレスドナイル,佐々木,金成,4,牝,56.0,,,,,1勝クラス,,出走表
2026-10-11,東京,7R,3歳以上1勝クラス,ダート,1600,良,8,4,ライカ,大野,杉浦,3,牡,56.0,,,,,1勝クラス,,出走表
2026-10-11,東京,7R,3歳以上1勝クラス,ダート,1600,良,9,5,ブルーミーティア,◇小林美,鈴木伸,3,牡,54.0,,,,,1勝クラス,,出走表
2026-10-11,東京,7R,3歳以上1勝クラス,ダート,1600,良,10,5,タイキプレジール,原,矢野,3,牡,56.0,,,,,1勝クラス,,出走表
2026-10-11,東京,7R,3歳以上1勝クラス,ダート,1600,良,11,6,ロジリッキー,野中,新開,4,牡,58.0,,,,,1勝クラス,,出走表
2026-10-11,東京,7R,3歳以上1勝クラス,ダート,1600,良,12,6,タケルムサシ,岩田康,斎藤誠,3,牡,56.0,,,,,1勝クラス,,出走表
2026-10-11,東京,7R,3歳以上1勝クラス,ダート,1600,良,13,7,ムーランオランジュ,小崎,小崎,3,牡,56.0,,,,,1勝クラス,,出走表
2026-10-11,東京,7R,3歳以上1勝クラス,ダート,1600,良,14,7,マリブオレンジ,浜中,戸田,4,牝,56.0,,,,,1勝クラス,,出走表
2026-10-11,東京,7R,3歳以上1勝クラス,ダート,1600,良,15,8,アクアマーズ,荻野極,浅利,3,牡,56.0,,,,,1勝クラス,,出走表
2026-10-11,東京,7R,3歳以上1勝クラス,ダート,1600,良,16,8,オブシディアン,菅原隆,石栗,6,牡,58.0,,,,,1勝クラス,,出走表
2026-10-11,東京,8R,3歳以上1勝クラス,芝,2400,良,1,1,イブキ,原,矢野,3,牡,55.0,,,,,1勝クラス,,出走表
2026-10-11,東京,8R,3歳以上1勝クラス,芝,2400,良,2,1,イフルジャンス,▲水沼,金成,4,せん,55.0,,,,,1勝クラス,,出走表
2026-10-11,東京,8R,3歳以上1勝クラス,芝,2400,良,3,2,サンセットビュー,岩田康,新谷,5,牝,56.0,,,,,1勝クラス,,出走表
2026-10-11,東京,8R,3歳以上1勝クラス,芝,2400,良,4,2,マイネルアウルム,三浦,伊藤伸,4,牡,58.0,,,,,1勝クラス,,出走表
2026-10-11,東京,8R,3歳以上1勝クラス,芝,2400,良,5,3,ペネトレイトゴー,丹内,戸田,6,せん,58.0,,,,,1勝クラス,,出走表
2026-10-11,東京,8R,3歳以上1勝クラス,芝,2400,良,6,3,ピースヒロフェイス,石橋脩,牧,5,牝,56.0,,,,,1勝クラス,,出走表
2026-10-11,東京,8R,3歳以上1勝クラス,芝,2400,良,7,4,オニノウタゲ,原田和,和田雄,3,牝,53.0,,,,,1勝クラス,,出走表
2026-10-11,東京,8R,3歳以上1勝クラス,芝,2400,良,8,4,ポッドクロス,荻野極,大竹,3,牡,55.0,,,,,1勝クラス,,出走表
2026-10-11,東京,8R,3歳以上1勝クラス,芝,2400,良,9,5,ゴンファロニエーレ,ルメール,田中博,3,牡,55.0,,,,,1勝クラス,,出走表
2026-10-11,東京,8R,3歳以上1勝クラス,芝,2400,良,10,5,ヴォートセレスト,石川,奥村武,3,牡,55.0,,,,,1勝クラス,,出走表
2026-10-11,東京,8R,3歳以上1勝クラス,芝,2400,良,11,6,アンビアンス,吉村,清水久,4,牝,56.0,,,,,1勝クラス,,出走表
2026-10-11,東京,8R,3歳以上1勝クラス,芝,2400,良,12,6,オメガストリーム,△石田,田中勝,4,牝,54.0,,,,,1勝クラス,,出走表
2026-10-11,東京,8R,3歳以上1勝クラス,芝,2400,良,13,7,ボンボンベイビー,西村淳,矢作,3,牡,55.0,,,,,1勝クラス,,出走表
2026-10-11,東京,8R,3歳以上1勝クラス,芝,2400,良,14,7,ウルフマン,津村,手塚久,3,牡,55.0,,,,,1勝クラス,,出走表
2026-10-11,東京,8R,3歳以上1勝クラス,芝,2400,良,15,8,シェンロン,黛,尾関,3,牡,55.0,,,,,1勝クラス,,出走表
2026-10-11,東京,8R,3歳以上1勝クラス,芝,2400,良,16,8,パーヴォ,菊沢,吉田,3,牡,55.0,,,,,1勝クラス,,出走表
2026-10-11,東京,8R,3歳以上1勝クラス,芝,2400,良,17,8,トラストボス,江田照,高橋文,5,牡,58.0,,,,,1勝クラス,,出走表
2026-10-11,東京,9R,鷹巣山特別,芝,1600,良,1,1,ツルマウカタチ,嶋田,手塚久,5,牡,58.0,,,,,2勝クラス,,出走表
2026-10-11,東京,9R,鷹巣山特別,芝,1600,良,2,2,ジッピーレーサー,木幡巧,天間,9,せん,58.0,,,,,2勝クラス,,出走表
2026-10-11,東京,9R,鷹巣山特別,芝,1600,良,3,3,ポペット,永島,高橋康,3,牝,54.0,,,,,2勝クラス,,出走表
2026-10-11,東京,9R,鷹巣山特別,芝,1600,良,4,4,エーデルヴェーグ,川田,田中克,4,牝,56.0,,,,,2勝クラス,,出走表
2026-10-11,東京,9R,鷹巣山特別,芝,1600,良,5,5,クールデイトナ,吉村,宮地,3,牡,56.0,,,,,2勝クラス,,出走表
2026-10-11,東京,9R,鷹巣山特別,芝,1600,良,6,5,ソニックライン,岩田康,浅利,5,せん,58.0,,,,,2勝クラス,,出走表
2026-10-11,東京,9R,鷹巣山特別,芝,1600,良,7,6,フミサウンド,ミシェル,鹿戸,6,牡,58.0,,,,,2勝クラス,,出走表
2026-10-11,東京,9R,鷹巣山特別,芝,1600,良,8,6,レッドレナート,横山和,手塚徳,5,牡,58.0,,,,,2勝クラス,,出走表
2026-10-11,東京,9R,鷹巣山特別,芝,1600,良,9,7,クレパスキュラー,ルメール,栗田,3,牡,56.0,,,,,2勝クラス,,出走表
2026-10-11,東京,9R,鷹巣山特別,芝,1600,良,10,7,シャンパンマーク,大野,蛯名正,5,せん,58.0,,,,,2勝クラス,,出走表
2026-10-11,東京,9R,鷹巣山特別,芝,1600,良,11,8,フジガイフウ,横山武,岩戸,3,牡,56.0,,,,,2勝クラス,,出走表
2026-10-11,東京,9R,鷹巣山特別,芝,1600,良,12,8,エラルディーク,荻野極,宮田,3,牝,54.0,,,,,2勝クラス,,出走表
2026-10-11,東京,10R,テレビ静岡賞,ダート,1400,良,1,1,キョウエイカンセ,津村,萱野,5,牡,58.0,,,,,3勝クラス,,出走表
2026-10-11,東京,10R,テレビ静岡賞,ダート,1400,良,2,1,アスクアイルビゼア,横山武,矢作,5,牡,58.0,,,,,3勝クラス,,出走表
2026-10-11,東京,10R,テレビ静岡賞,ダート,1400,良,3,2,クインズデネブ,吉田豊,小島,5,牝,56.0,,,,,3勝クラス,,出走表
2026-10-11,東京,10R,テレビ静岡賞,ダート,1400,良,4,2,スペイドアン,菊沢,加藤士,5,牡,58.0,,,,,3勝クラス,,出走表
2026-10-11,東京,10R,テレビ静岡賞,ダート,1400,良,5,3,ガンウルフ,Ｍデムーロ,藤岡健,6,牡,58.0,,,,,3勝クラス,,出走表
2026-10-11,東京,10R,テレビ静岡賞,ダート,1400,良,6,3,メイショウタムシバ,横山和,飯田,5,牝,56.0,,,,,3勝クラス,,出走表
2026-10-11,東京,10R,テレビ静岡賞,ダート,1400,良,7,4,カルパ,ルメール,須貝,5,牡,58.0,,,,,3勝クラス,,出走表
2026-10-11,東京,10R,テレビ静岡賞,ダート,1400,良,8,4,セギレエルビエント,荻野極,伊坂,4,牝,56.0,,,,,3勝クラス,,出走表
2026-10-11,東京,10R,テレビ静岡賞,ダート,1400,良,9,5,ゴールデンオスカー,松岡,堀内,5,牡,58.0,,,,,3勝クラス,,出走表
2026-10-11,東京,10R,テレビ静岡賞,ダート,1400,良,10,5,シャパリュ,三浦,菊沢,5,せん,58.0,,,,,3勝クラス,,出走表
2026-10-11,東京,10R,テレビ静岡賞,ダート,1400,良,11,6,フウセツ,大野,鈴木慎,4,牡,58.0,,,,,3勝クラス,,出走表
2026-10-11,東京,10R,テレビ静岡賞,ダート,1400,良,12,6,レッドラパルマ,原,平岩,7,せん,58.0,,,,,3勝クラス,,出走表
2026-10-11,東京,10R,テレビ静岡賞,ダート,1400,良,13,7,エイプリルインパリ,小崎,高橋忠,4,牝,56.0,,,,,3勝クラス,,出走表
2026-10-11,東京,10R,テレビ静岡賞,ダート,1400,良,14,7,サンドブラスト,丹内,鈴木慎,5,牡,58.0,,,,,3勝クラス,,出走表
2026-10-11,東京,10R,テレビ静岡賞,ダート,1400,良,15,8,ヤマニンアストロン,岩田康,石橋,5,牡,58.0,,,,,3勝クラス,,出走表
2026-10-11,東京,10R,テレビ静岡賞,ダート,1400,良,16,8,アジアミッション,丸田,緒方,5,牡,58.0,,,,,3勝クラス,,出走表
2026-10-11,東京,11R,アイルランドT,芝,1800,良,1,1,ニシノティアモ,津村,上原佑,5,牝,55.0,,,,,G2,,出走表
2026-10-11,東京,11R,アイルランドT,芝,1800,良,2,1,チェルビアット,吉村,高野,4,牝,55.0,,,,,G2,,出走表
2026-10-11,東京,11R,アイルランドT,芝,1800,良,3,2,クイーンズウォーク,西村淳,中内田,5,牝,55.0,,,,,G2,,出走表
2026-10-11,東京,11R,アイルランドT,芝,1800,良,4,2,クランフォード,菊沢,杉山晴,5,牝,55.0,,,,,G2,,出走表
2026-10-11,東京,11R,アイルランドT,芝,1800,良,5,3,カネラフィーナ,石川,手塚久,4,牝,55.0,,,,,G2,,出走表
2026-10-11,東京,11R,アイルランドT,芝,1800,良,6,3,ムイ,木幡巧,笹田,4,牝,55.0,,,,,G2,,出走表
2026-10-11,東京,11R,アイルランドT,芝,1800,良,7,4,ミラビリスマジック,戸崎圭,千葉,5,牝,55.0,,,,,G2,,出走表
2026-10-11,東京,11R,アイルランドT,芝,1800,良,8,4,ルージュソリテール,横山武,藤原,4,牝,55.0,,,,,G2,,出走表
2026-10-11,東京,11R,アイルランドT,芝,1800,良,9,5,ウイントワイライト,横山典,西園翔,4,牝,55.0,,,,,G2,,出走表
2026-10-11,東京,11R,アイルランドT,芝,1800,良,10,5,セキトバイースト,浜中,四位,5,牝,55.0,,,,,G2,,出走表
2026-10-11,東京,11R,アイルランドT,芝,1800,良,11,6,ラヴァンダ,横山和,中村,5,牝,56.0,,,,,G2,,出走表
2026-10-11,東京,11R,アイルランドT,芝,1800,良,12,6,ミアネーロ,大野,林,5,牝,55.0,,,,,G2,,出走表
2026-10-11,東京,11R,アイルランドT,芝,1800,良,13,7,ワタシマツワ,小林美,竹内,4,牝,55.0,,,,,G2,,出走表
2026-10-11,東京,11R,アイルランドT,芝,1800,良,14,7,ハワイアンティアレ,Ｍデムーロ,松永幹,5,牝,55.0,,,,,G2,,出走表
2026-10-11,東京,11R,アイルランドT,芝,1800,良,15,8,ジョスラン,ルメール,鹿戸,4,牝,55.0,,,,,G2,,出走表
2026-10-11,東京,11R,アイルランドT,芝,1800,良,16,8,カムニャック,川田,友道,4,牝,56.0,,,,,G2,,出走表
2026-10-11,東京,12R,3歳以上2勝クラス,ダート,1300,良,1,1,ピコテンダー,荻野極,上原佑,4,牝,56.0,,,,,2勝クラス,,出走表
2026-10-11,東京,12R,3歳以上2勝クラス,ダート,1300,良,2,1,ズバットマサムネ,小崎,杉山佳,5,せん,58.0,,,,,2勝クラス,,出走表
2026-10-11,東京,12R,3歳以上2勝クラス,ダート,1300,良,3,2,キョウエイスレーヴ,☆長浜,萱野,4,牡,57.0,,,,,2勝クラス,,出走表
2026-10-11,東京,12R,3歳以上2勝クラス,ダート,1300,良,4,2,レディサン,杉原,栗田,3,牝,55.0,,,,,2勝クラス,,出走表
2026-10-11,東京,12R,3歳以上2勝クラス,ダート,1300,良,5,3,アルジェンタージョ,▲佐藤,伊藤圭,5,牝,53.0,,,,,2勝クラス,,出走表
2026-10-11,東京,12R,3歳以上2勝クラス,ダート,1300,良,6,3,ジャスティンルマン,戸崎圭,杉山晴,3,牡,57.0,,,,,2勝クラス,,出走表
2026-10-11,東京,12R,3歳以上2勝クラス,ダート,1300,良,7,4,ラインジーク,横山典,水野,3,牡,57.0,,,,,2勝クラス,,出走表
2026-10-11,東京,12R,3歳以上2勝クラス,ダート,1300,良,8,4,ジャックナダル,川田,伊坂,3,牡,57.0,,,,,2勝クラス,,出走表
2026-10-11,東京,12R,3歳以上2勝クラス,ダート,1300,良,9,5,メイショウドライブ,◇永島,鈴木孝,4,牝,54.0,,,,,2勝クラス,,出走表
2026-10-11,東京,12R,3歳以上2勝クラス,ダート,1300,良,10,5,オカメノコイ,吉村,小笠,4,牝,56.0,,,,,2勝クラス,,出走表
2026-10-11,東京,12R,3歳以上2勝クラス,ダート,1300,良,11,6,イノキ,菊沢,岩戸,4,牡,58.0,,,,,2勝クラス,,出走表
2026-10-11,東京,12R,3歳以上2勝クラス,ダート,1300,良,12,6,マサノユニコーン,Ｍデムーロ,小島,4,牡,58.0,,,,,2勝クラス,,出走表
2026-10-11,東京,12R,3歳以上2勝クラス,ダート,1300,良,13,7,ドントゥザムーン,三浦,高木,4,牡,58.0,,,,,2勝クラス,,出走表
2026-10-11,東京,12R,3歳以上2勝クラス,ダート,1300,良,14,7,ベルビースタローン,◇小林美,戸田,4,牝,54.0,,,,,2勝クラス,,出走表
2026-10-11,東京,12R,3歳以上2勝クラス,ダート,1300,良,15,8,レイアポポ,原,青木,4,牝,56.0,,,,,2勝クラス,,出走表
2026-10-11,東京,12R,3歳以上2勝クラス,ダート,1300,良,16,8,キョウエイカンフ,横山和,勢司,6,牡,58.0,,,,,2勝クラス,,出走表
2026-10-11,京都,1R,2歳未勝利,ダート,1200,良,1,1,サウンドエフォート,吉田隼,安達,2,牡,56.0,,,,,未勝利,,出走表
2026-10-11,京都,1R,2歳未勝利,ダート,1200,良,2,2,チョウサクラ,◇古川奈,羽月,2,牝,53.0,,,,,未勝利,,出走表
2026-10-11,京都,1R,2歳未勝利,ダート,1200,良,3,2,コパノキャンペーン,★河原田,渡辺,2,牡,52.0,,,,,未勝利,,出走表
2026-10-11,京都,1R,2歳未勝利,ダート,1200,良,4,3,スティルラブハー,斎藤,杉山佳,2,牡,56.0,,,,,未勝利,,出走表
2026-10-11,京都,1R,2歳未勝利,ダート,1200,良,5,3,スイートモンブラン,田口,松下,2,牝,55.0,,,,,未勝利,,出走表
2026-10-11,京都,1R,2歳未勝利,ダート,1200,良,6,4,グランモンターナ,古川吉,井上,2,牡,56.0,,,,,未勝利,,出走表
2026-10-11,京都,1R,2歳未勝利,ダート,1200,良,7,4,タガノレクシア,幸,鈴木孝,2,牡,56.0,,,,,未勝利,,出走表
2026-10-11,京都,1R,2歳未勝利,ダート,1200,良,8,5,ナムラモモタロー,小沢,羽月,2,牡,56.0,,,,,未勝利,,出走表
2026-10-11,京都,1R,2歳未勝利,ダート,1200,良,9,5,アイルエクラ,松若,新谷,2,牡,56.0,,,,,未勝利,,出走表
2026-10-11,京都,1R,2歳未勝利,ダート,1200,良,10,6,トリオハピネス,川又,佐藤悠,2,牡,56.0,,,,,未勝利,,出走表
2026-10-11,京都,1R,2歳未勝利,ダート,1200,良,11,6,ジーティーキャメル,☆田山,宮地,2,牡,55.0,,,,,未勝利,,出走表
2026-10-11,京都,1R,2歳未勝利,ダート,1200,良,12,7,ヤマトデュノール,▲森田,安達,2,牡,53.0,,,,,未勝利,,出走表
2026-10-11,京都,1R,2歳未勝利,ダート,1200,良,13,7,テリオスベラ,松山,松下,2,牝,55.0,,,,,未勝利,,出走表
2026-10-11,京都,1R,2歳未勝利,ダート,1200,良,14,8,シガレス,◇今村,武幸,2,牝,53.0,,,,,未勝利,,出走表
2026-10-11,京都,1R,2歳未勝利,ダート,1200,良,15,8,ユイパルティ,▲大久保,平田,2,牝,52.0,,,,,未勝利,,出走表
2026-10-11,京都,2R,2歳未勝利,芝,2000,良,1,1,プラトーローザ,小沢,羽月,2,牝,55.0,,,,,未勝利,,出走表
2026-10-11,京都,2R,2歳未勝利,芝,2000,良,2,2,ロードフローリス,田口,小椋,2,牡,56.0,,,,,未勝利,,出走表
2026-10-11,京都,2R,2歳未勝利,芝,2000,良,3,3,オンユアマークス,武豊,松永幹,2,牡,56.0,,,,,未勝利,,出走表
2026-10-11,京都,2R,2歳未勝利,芝,2000,良,4,4,ルパドゥクール,北村友,上村,2,牝,55.0,,,,,未勝利,,出走表
2026-10-11,京都,2R,2歳未勝利,芝,2000,良,5,5,ジーティールーナ,国分恭,緒方,2,牝,55.0,,,,,未勝利,,出走表
2026-10-11,京都,2R,2歳未勝利,芝,2000,良,6,6,ハヤブサカツオー,吉田隼,岡田,2,牡,56.0,,,,,未勝利,,出走表
2026-10-11,京都,2R,2歳未勝利,芝,2000,良,7,7,ツーエムブレード,☆田山,東田,2,牡,55.0,,,,,未勝利,,出走表
2026-10-11,京都,2R,2歳未勝利,芝,2000,良,8,7,ウィナーズチェック,松山,和田勇,2,牝,55.0,,,,,未勝利,,出走表
2026-10-11,京都,2R,2歳未勝利,芝,2000,良,9,8,ソウカイファンキー,松若,杉山佳,2,牡,56.0,,,,,未勝利,,出走表
2026-10-11,京都,2R,2歳未勝利,芝,2000,良,10,8,パーセンタイル,▲森田,前川,2,牡,53.0,,,,,未勝利,,出走表
2026-10-11,京都,3R,2歳新馬,ダート,1400,良,1,1,ヒメハッカ,松山,寺島,2,牝,55.0,,,,,新馬,,出走表
2026-10-11,京都,3R,2歳新馬,ダート,1400,良,2,1,テムバンヴァン,高倉,畑端,2,牝,55.0,,,,,新馬,,出走表
2026-10-11,京都,3R,2歳新馬,ダート,1400,良,3,2,アルフェラッツ,★河原田,渡辺,2,牝,51.0,,,,,新馬,,出走表
2026-10-11,京都,3R,2歳新馬,ダート,1400,良,4,2,ペプチドカトレア,斎藤,小椋,2,牝,55.0,,,,,新馬,,出走表
2026-10-11,京都,3R,2歳新馬,ダート,1400,良,5,3,ノーブルヴィジョン,松若,今野,2,牝,55.0,,,,,新馬,,出走表
2026-10-11,京都,3R,2歳新馬,ダート,1400,良,6,3,ギョニソ,◇今村,須貝,2,牝,53.0,,,,,新馬,,出走表
2026-10-11,京都,3R,2歳新馬,ダート,1400,良,7,4,ダノンエポナ,角田和,千田,2,牝,55.0,,,,,新馬,,出走表
2026-10-11,京都,3R,2歳新馬,ダート,1400,良,8,4,メイショウノゾミ,太宰,本田,2,牝,55.0,,,,,新馬,,出走表
2026-10-11,京都,3R,2歳新馬,ダート,1400,良,9,5,ルージュミスティカ,幸,大久保,2,牝,55.0,,,,,新馬,,出走表
2026-10-11,京都,3R,2歳新馬,ダート,1400,良,10,5,ウインブリーズ,☆田山,宮本,2,牝,54.0,,,,,新馬,,出走表
2026-10-11,京都,3R,2歳新馬,ダート,1400,良,11,6,マイエスタ,北村友,中村,2,牝,55.0,,,,,新馬,,出走表
2026-10-11,京都,3R,2歳新馬,ダート,1400,良,12,6,アンジュエール,鮫島駿,前川,2,牝,55.0,,,,,新馬,,出走表
2026-10-11,京都,3R,2歳新馬,ダート,1400,良,13,7,クレセンティア,坂井,田中克,2,牝,55.0,,,,,新馬,,出走表
2026-10-11,京都,3R,2歳新馬,ダート,1400,良,14,7,メネルブ,川須,中尾,2,牝,55.0,,,,,新馬,,出走表
2026-10-11,京都,3R,2歳新馬,ダート,1400,良,15,8,リバティサンライズ,国分優,羽月,2,牝,55.0,,,,,新馬,,出走表
2026-10-11,京都,3R,2歳新馬,ダート,1400,良,16,8,テーオーローズ,菱田,岡田,2,牝,55.0,,,,,新馬,,出走表
2026-10-11,京都,5R,2歳新馬,芝,2000,良,1,1,ジャスティンニース,北村友,杉山晴,2,牡,56.0,,,,,新馬,,出走表
2026-10-11,京都,5R,2歳新馬,芝,2000,良,2,2,シルクウォード,武豊,庄野,2,牡,56.0,,,,,新馬,,出走表
2026-10-11,京都,5R,2歳新馬,芝,2000,良,3,3,ボワノワール,斎藤,井上,2,牝,55.0,,,,,新馬,,出走表
2026-10-11,京都,5R,2歳新馬,芝,2000,良,4,4,アルバドラータ,国分恭,小栗,2,牡,56.0,,,,,新馬,,出走表
2026-10-11,京都,5R,2歳新馬,芝,2000,良,5,5,レガーメフォルテ,☆田山,新谷,2,牡,55.0,,,,,新馬,,出走表
2026-10-11,京都,5R,2歳新馬,芝,2000,良,6,6,ゴルトクリーガー,松山,西園翔,2,牡,56.0,,,,,新馬,,出走表
2026-10-11,京都,5R,2歳新馬,芝,2000,良,7,6,イムヴァブル,長岡,高橋亮,2,牡,56.0,,,,,新馬,,出走表
2026-10-11,京都,5R,2歳新馬,芝,2000,良,8,7,アーケントレイル,坂井,矢作,2,牡,56.0,,,,,新馬,,出走表
2026-10-11,京都,5R,2歳新馬,芝,2000,良,9,7,テムルーラー,富田,宮地,2,牡,56.0,,,,,新馬,,出走表
2026-10-11,京都,5R,2歳新馬,芝,2000,良,10,8,シャカニセッポウ,秋山稔,北出,2,牡,56.0,,,,,新馬,,出走表
2026-10-11,京都,5R,2歳新馬,芝,2000,良,11,8,ルーモマカーリ,松若,今野,2,牡,56.0,,,,,新馬,,出走表
2026-10-11,京都,6R,3歳以上1勝クラス,ダート,1800,良,1,1,ブラックレジェンド,◇今村,寺島,3,牡,54.0,,,,,1勝クラス,,出走表
2026-10-11,京都,6R,3歳以上1勝クラス,ダート,1800,良,2,1,ココロヅヨサ,北村友,田中克,3,牡,56.0,,,,,1勝クラス,,出走表
2026-10-11,京都,6R,3歳以上1勝クラス,ダート,1800,良,3,2,キタノシャカール,松若,吉田,3,牡,56.0,,,,,1勝クラス,,出走表
2026-10-11,京都,6R,3歳以上1勝クラス,ダート,1800,良,4,2,ミヤジオズ,田口,鈴木孝,3,牡,56.0,,,,,1勝クラス,,出走表
2026-10-11,京都,6R,3歳以上1勝クラス,ダート,1800,良,5,3,ブルーストレイル,城戸,荒川,5,牡,58.0,,,,,1勝クラス,,出走表
2026-10-11,京都,6R,3歳以上1勝クラス,ダート,1800,良,6,3,ルファーダ,幸,大根田,3,牡,56.0,,,,,1勝クラス,,出走表
2026-10-11,京都,6R,3歳以上1勝クラス,ダート,1800,良,7,4,アルビオン,西塚,笹田,3,牝,54.0,,,,,1勝クラス,,出走表
2026-10-11,京都,6R,3歳以上1勝クラス,ダート,1800,良,8,4,コルヴァス,坂井,矢作,3,牡,56.0,,,,,1勝クラス,,出走表
2026-10-11,京都,6R,3歳以上1勝クラス,ダート,1800,良,9,5,クリュギスト,松山,松下,3,牡,56.0,,,,,1勝クラス,,出走表
2026-10-11,京都,6R,3歳以上1勝クラス,ダート,1800,良,10,5,ジャスティンダラス,高杉,杉山晴,3,牡,56.0,,,,,1勝クラス,,出走表
2026-10-11,京都,6R,3歳以上1勝クラス,ダート,1800,良,11,6,ゴールデンスラム,小沢,池江,3,牡,56.0,,,,,1勝クラス,,出走表
2026-10-11,京都,6R,3歳以上1勝クラス,ダート,1800,良,12,6,メイショウオグマ,国分恭,安達,7,せん,58.0,,,,,1勝クラス,,出走表
2026-10-11,京都,6R,3歳以上1勝クラス,ダート,1800,良,13,7,ダイメイクマモト,太宰,秋山,3,牡,56.0,,,,,1勝クラス,,出走表
2026-10-11,京都,6R,3歳以上1勝クラス,ダート,1800,良,14,7,レザーアンドレース,☆田山,平田,3,牝,53.0,,,,,1勝クラス,,出走表
2026-10-11,京都,6R,3歳以上1勝クラス,ダート,1800,良,15,8,ブレイジングスター,酒井,高橋康,4,牡,58.0,,,,,1勝クラス,,出走表
2026-10-11,京都,6R,3歳以上1勝クラス,ダート,1800,良,16,8,ハイロード,斎藤,浜田,3,牡,56.0,,,,,1勝クラス,,出走表
2026-10-11,京都,7R,3歳以上1勝クラス,芝,1800,良,1,1,グリュイエール,▲森田,前川,3,牡,53.0,,,,,1勝クラス,,出走表
2026-10-11,京都,7R,3歳以上1勝クラス,芝,1800,良,2,2,ダイチノナポリ,高倉,畑端,3,牝,54.0,,,,,1勝クラス,,出走表
2026-10-11,京都,7R,3歳以上1勝クラス,芝,1800,良,3,3,オーシンエス,★河原田,宮,4,牡,54.0,,,,,1勝クラス,,出走表
2026-10-11,京都,7R,3歳以上1勝クラス,芝,1800,良,4,4,カフジキアッキエレ,田口,森田,6,牝,56.0,,,,,1勝クラス,,出走表
2026-10-11,京都,7R,3歳以上1勝クラス,芝,1800,良,5,5,ラパンドール,武豊,藤原,3,牡,56.0,,,,,1勝クラス,,出走表
2026-10-11,京都,7R,3歳以上1勝クラス,芝,1800,良,6,6,ラヴェニュー,坂井,友道,3,牡,56.0,,,,,1勝クラス,,出走表
2026-10-11,京都,7R,3歳以上1勝クラス,芝,1800,良,7,6,メイショウハンター,☆田山,長谷川,3,牡,55.0,,,,,1勝クラス,,出走表
2026-10-11,京都,7R,3歳以上1勝クラス,芝,1800,良,8,7,ブルーミングローズ,北村友,高野,4,牝,56.0,,,,,1勝クラス,,出走表
2026-10-11,京都,7R,3歳以上1勝クラス,芝,1800,良,9,7,サラコスティ,松山,池添,4,牡,58.0,,,,,1勝クラス,,出走表
2026-10-11,京都,7R,3歳以上1勝クラス,芝,1800,良,10,8,マイリトルヒーロー,幸,高橋康,3,牡,56.0,,,,,1勝クラス,,出走表
2026-10-11,京都,7R,3歳以上1勝クラス,芝,1800,良,11,8,カーメルタザイト,斎藤,安田,5,牡,58.0,,,,,1勝クラス,,出走表
2026-10-11,京都,8R,3歳以上2勝クラス,ダート,1800,良,1,1,コスモマルーン,川須,秋本,6,牝,56.0,,,,,2勝クラス,,出走表
2026-10-11,京都,8R,3歳以上2勝クラス,ダート,1800,良,2,1,ヴンダーバール,斎藤,斎藤誠,3,牝,54.0,,,,,2勝クラス,,出走表
2026-10-11,京都,8R,3歳以上2勝クラス,ダート,1800,良,3,2,ヴァンアグレアブル,幸,橋口,4,牝,56.0,,,,,2勝クラス,,出走表
2026-10-11,京都,8R,3歳以上2勝クラス,ダート,1800,良,4,2,エターナルプロミス,亀田,茶木,4,牝,56.0,,,,,2勝クラス,,出走表
2026-10-11,京都,8R,3歳以上2勝クラス,ダート,1800,良,5,3,ラヴァブル,◇古川奈,松下,4,牝,54.0,,,,,2勝クラス,,出走表
2026-10-11,京都,8R,3歳以上2勝クラス,ダート,1800,良,6,3,プウスカンドゥール,中井,坂口,6,牝,56.0,,,,,2勝クラス,,出走表
2026-10-11,京都,8R,3歳以上2勝クラス,ダート,1800,良,7,4,ハギノコラソン,◇今村,寺島,4,牝,54.0,,,,,2勝クラス,,出走表
2026-10-11,京都,8R,3歳以上2勝クラス,ダート,1800,良,8,4,オデット,★河原田,緒方,4,牝,52.0,,,,,2勝クラス,,出走表
2026-10-11,京都,8R,3歳以上2勝クラス,ダート,1800,良,9,5,マクノス,田口,鈴木孝,3,牝,54.0,,,,,2勝クラス,,出走表
2026-10-11,京都,8R,3歳以上2勝クラス,ダート,1800,良,10,5,オーケアニス,北村友,松永幹,4,牝,56.0,,,,,2勝クラス,,出走表
2026-10-11,京都,8R,3歳以上2勝クラス,ダート,1800,良,11,6,ステアハート,☆田山,新谷,4,牝,55.0,,,,,2勝クラス,,出走表
2026-10-11,京都,8R,3歳以上2勝クラス,ダート,1800,良,12,6,エアニゲラ,松山,池添,4,牝,56.0,,,,,2勝クラス,,出走表
2026-10-11,京都,8R,3歳以上2勝クラス,ダート,1800,良,13,7,ロイスター,西塚,笹田,3,牝,54.0,,,,,2勝クラス,,出走表
2026-10-11,京都,8R,3歳以上2勝クラス,ダート,1800,良,14,7,ゼットレジーナ,国分恭,吉田,5,牝,56.0,,,,,2勝クラス,,出走表
2026-10-11,京都,8R,3歳以上2勝クラス,ダート,1800,良,15,8,カルミアクラウン,小沢,吉岡,4,牝,56.0,,,,,2勝クラス,,出走表
2026-10-11,京都,8R,3歳以上2勝クラス,ダート,1800,良,16,8,カスバートテソーロ,吉田隼,畠山,4,牝,56.0,,,,,2勝クラス,,出走表
2026-10-11,京都,9R,円山特別,ダート,1200,良,1,1,メイショウバルク,田山,安達,3,牡,57.0,,,,,2勝クラス,,出走表
2026-10-11,京都,9R,円山特別,ダート,1200,良,2,1,レッドレベンディス,武豊,庄野,3,牡,57.0,,,,,2勝クラス,,出走表
2026-10-11,京都,9R,円山特別,ダート,1200,良,3,2,ストラテージュ,菅原明,荒川,4,牡,58.0,,,,,2勝クラス,,出走表
2026-10-11,京都,9R,円山特別,ダート,1200,良,4,2,ルクスレイモンド,坂井,上原佑,3,牡,57.0,,,,,2勝クラス,,出走表
2026-10-11,京都,9R,円山特別,ダート,1200,良,5,3,クインズシフォン,吉田隼,和田郎,4,牝,56.0,,,,,2勝クラス,,出走表
2026-10-11,京都,9R,円山特別,ダート,1200,良,6,3,セルヴァンス,長岡,小椋,4,せん,58.0,,,,,2勝クラス,,出走表
2026-10-11,京都,9R,円山特別,ダート,1200,良,7,4,タカスタカスタカス,松山,藤原,3,牡,57.0,,,,,2勝クラス,,出走表
2026-10-11,京都,9R,円山特別,ダート,1200,良,8,4,タイセイディアマン,田口,大橋,4,牡,58.0,,,,,2勝クラス,,出走表
2026-10-11,京都,9R,円山特別,ダート,1200,良,9,5,フェアリーライズ,川須,秋山,3,牝,55.0,,,,,2勝クラス,,出走表
2026-10-11,京都,9R,円山特別,ダート,1200,良,10,5,ダノンプリマ,角田和,千田,4,牝,56.0,,,,,2勝クラス,,出走表
2026-10-11,京都,9R,円山特別,ダート,1200,良,11,6,フレンズプラス,荻野琢,宮本,3,牝,55.0,,,,,2勝クラス,,出走表
2026-10-11,京都,9R,円山特別,ダート,1200,良,12,6,アオイレーギーナ,幸,宮地,4,牝,56.0,,,,,2勝クラス,,出走表
2026-10-11,京都,9R,円山特別,ダート,1200,良,13,7,バッハアルプゼー,鮫島駿,橋口,4,牡,58.0,,,,,2勝クラス,,出走表
2026-10-11,京都,9R,円山特別,ダート,1200,良,14,7,カワキタマナレア,斎藤,杉山佳,4,牝,56.0,,,,,2勝クラス,,出走表
2026-10-11,京都,9R,円山特別,ダート,1200,良,15,8,パールフロント,北村友,寺島,4,牝,56.0,,,,,2勝クラス,,出走表
2026-10-11,京都,9R,円山特別,ダート,1200,良,16,8,セールヴォラン,松若,北出,5,牡,58.0,,,,,2勝クラス,,出走表
2026-10-11,京都,10R,三年坂S,芝,1600,良,1,1,アルトゥーム,角田和,藤岡健,5,牡,54.0,,,,,3勝クラス,,出走表
2026-10-11,京都,10R,三年坂S,芝,1600,良,2,1,スーサンアッシャー,城戸,鈴木孝,7,牡,54.0,,,,,3勝クラス,,出走表
2026-10-11,京都,10R,三年坂S,芝,1600,良,3,2,リゾートアイランド,北村友,上原佑,3,牡,54.0,,,,,3勝クラス,,出走表
2026-10-11,京都,10R,三年坂S,芝,1600,良,4,2,トミーバローズ,坂井,清水久,3,牡,55.0,,,,,3勝クラス,,出走表
2026-10-11,京都,10R,三年坂S,芝,1600,良,5,3,ハギノアルデバラン,鮫島駿,佐藤悠,6,牡,56.0,,,,,3勝クラス,,出走表
2026-10-11,京都,10R,三年坂S,芝,1600,良,6,3,モズカトレア,松若,井上,4,牝,51.0,,,,,3勝クラス,,出走表
2026-10-11,京都,10R,三年坂S,芝,1600,良,7,4,アヴィオン,菱田,岡田,3,牝,53.0,,,,,3勝クラス,,出走表
2026-10-11,京都,10R,三年坂S,芝,1600,良,8,4,ミッキージュエリー,中井,中内田,4,牝,54.0,,,,,3勝クラス,,出走表
2026-10-11,京都,10R,三年坂S,芝,1600,良,9,5,サクセスアイ,藤懸,北出,6,牝,53.0,,,,,3勝クラス,,出走表
2026-10-11,京都,10R,三年坂S,芝,1600,良,10,5,モアリジット,古川奈,西村,5,牡,54.0,,,,,3勝クラス,,出走表
2026-10-11,京都,10R,三年坂S,芝,1600,良,11,6,フェアリーライク,富田,笹田,4,牝,53.0,,,,,3勝クラス,,出走表
2026-10-11,京都,10R,三年坂S,芝,1600,良,12,6,キングメーカー,武豊,須貝,4,牡,55.0,,,,,3勝クラス,,出走表
2026-10-11,京都,10R,三年坂S,芝,1600,良,13,7,クスクス,酒井,松下,5,牝,52.0,,,,,3勝クラス,,出走表
2026-10-11,京都,10R,三年坂S,芝,1600,良,14,7,ノクナレア,松山,今野,4,牝,54.0,,,,,3勝クラス,,出走表
2026-10-11,京都,10R,三年坂S,芝,1600,良,15,8,ウォータークラーク,幸,石橋,4,牡,55.0,,,,,3勝クラス,,出走表
2026-10-11,京都,10R,三年坂S,芝,1600,良,16,8,エポックヴィーナス,田山,新谷,5,牝,54.0,,,,,3勝クラス,,出走表
2026-10-11,京都,10R,三年坂S,芝,1600,良,17,8,マトラコーニッシュ,西塚,池添,4,牝,53.0,,,,,3勝クラス,,出走表
2026-10-11,京都,11R,太秦S,ダート,1800,良,1,1,モックモック,武豊,寺島,6,牡,58.0,,,,,オープン,,出走表
2026-10-11,京都,11R,太秦S,ダート,1800,良,2,2,パシアンジャン,田口,鈴木孝,5,牡,57.0,,,,,オープン,,出走表
2026-10-11,京都,11R,太秦S,ダート,1800,良,3,3,バスタードサフラン,酒井,渡辺,5,牝,55.0,,,,,オープン,,出走表
2026-10-11,京都,11R,太秦S,ダート,1800,良,4,3,ハナウマビーチ,横山琉,西園翔,4,牡,58.0,,,,,オープン,,出走表
2026-10-11,京都,11R,太秦S,ダート,1800,良,5,4,タガノバビロン,松山,西園翔,4,牡,57.0,,,,,オープン,,出走表
2026-10-11,京都,11R,太秦S,ダート,1800,良,6,4,ブルーサン,富田,宮地,5,牡,57.0,,,,,オープン,,出走表
2026-10-11,京都,11R,太秦S,ダート,1800,良,7,5,ヴィンセンシオ,吉田隼,森一,4,せん,57.0,,,,,オープン,,出走表
2026-10-11,京都,11R,太秦S,ダート,1800,良,8,5,シュラザック,古川吉,大根田,4,牡,57.0,,,,,オープン,,出走表
2026-10-11,京都,11R,太秦S,ダート,1800,良,9,6,ベルウェザー,田山,茶木,5,牡,57.0,,,,,オープン,,出走表
2026-10-11,京都,11R,太秦S,ダート,1800,良,10,6,レアンダー,菱田,大根田,5,牡,57.0,,,,,オープン,,出走表
2026-10-11,京都,11R,太秦S,ダート,1800,良,11,7,マリオロード,国分優,安達,7,牡,58.0,,,,,オープン,,出走表
2026-10-11,京都,11R,太秦S,ダート,1800,良,12,7,ペイシャモノノフ,池添,畑端,6,牡,57.0,,,,,オープン,,出走表
2026-10-11,京都,11R,太秦S,ダート,1800,良,13,8,メルカントゥール,坂井,杉山晴,3,牡,55.0,,,,,オープン,,出走表
2026-10-11,京都,11R,太秦S,ダート,1800,良,14,8,ミッキークレスト,幸,大久保,5,牡,57.0,,,,,オープン,,出走表
2026-10-11,京都,12R,3歳以上1勝クラス,芝,1600,良,1,1,メイショウトウコウ,幸,石橋,3,牡,56.0,,,,,1勝クラス,,出走表
2026-10-11,京都,12R,3歳以上1勝クラス,芝,1600,良,2,1,タイムレスキス,菅原明,吉村,3,牝,54.0,,,,,1勝クラス,,出走表
2026-10-11,京都,12R,3歳以上1勝クラス,芝,1600,良,3,2,ダークマルス,松山,杉山晴,3,せん,56.0,,,,,1勝クラス,,出走表
2026-10-11,京都,12R,3歳以上1勝クラス,芝,1600,良,4,2,ペイシャシス,武豊,加藤公,3,牝,54.0,,,,,1勝クラス,,出走表
2026-10-11,京都,12R,3歳以上1勝クラス,芝,1600,良,5,3,サトノセプター,北村友,上村,3,牡,56.0,,,,,1勝クラス,,出走表
2026-10-11,京都,12R,3歳以上1勝クラス,芝,1600,良,6,3,ルートサーティーン,角田和,辻野,3,牡,56.0,,,,,1勝クラス,,出走表
2026-10-11,京都,12R,3歳以上1勝クラス,芝,1600,良,7,4,ウォーターデライト,鮫島駿,高柳大,3,牡,56.0,,,,,1勝クラス,,出走表
2026-10-11,京都,12R,3歳以上1勝クラス,芝,1600,良,8,4,エグジスタンス,田口,奥村豊,3,牡,56.0,,,,,1勝クラス,,出走表
2026-10-11,京都,12R,3歳以上1勝クラス,芝,1600,良,9,5,ミッキーコンドル,荻野琢,大久保,4,牡,58.0,,,,,1勝クラス,,出走表
2026-10-11,京都,12R,3歳以上1勝クラス,芝,1600,良,10,5,ルディシャ,松若,森田,4,牡,58.0,,,,,1勝クラス,,出走表
2026-10-11,京都,12R,3歳以上1勝クラス,芝,1600,良,11,6,マゲバスピード,坂井,藤原,3,牡,56.0,,,,,1勝クラス,,出走表
2026-10-11,京都,12R,3歳以上1勝クラス,芝,1600,良,12,6,レインボーステート,小沢,茶木,3,牡,56.0,,,,,1勝クラス,,出走表
2026-10-11,京都,12R,3歳以上1勝クラス,芝,1600,良,13,7,ドーギッド,◇古川奈,矢作,4,牝,54.0,,,,,1勝クラス,,出走表
2026-10-11,京都,12R,3歳以上1勝クラス,芝,1600,良,14,7,エスティヴァリス,酒井,高橋康,3,牝,54.0,,,,,1勝クラス,,出走表
2026-10-11,京都,12R,3歳以上1勝クラス,芝,1600,良,15,8,ニシノイツキムスメ,◇今村,北出,4,牝,54.0,,,,,1勝クラス,,出走表
2026-10-11,京都,12R,3歳以上1勝クラス,芝,1600,良,16,8,ウインラウダ,☆田山,梅田,5,牡,57.0,,,,,1勝クラス,,出走表
